scientific_name,common_name,class,image_url,license,attribution,id_notes,elpel_image_exists
Acanthaceae,Acanthus Family,Dicots,https://static.inaturalist.org/photos/146813309/square.jpeg,,"(c) Soph, all rights reserved, uploaded by Soph",,False
Achariaceae,Acharia Family,Dicots,https://inaturalist-open-data.s3.amazonaws.com/photos/1305389/square.jpg,cc-by-nc,"(c) Graeme White, some rights reserved (CC BY-NC), uploaded by Graeme White",,False
Achatocarpaceae,Achatocarpus Family,Dicots,https://static.inaturalist.org/photos/1472989/square.jpg,,"(c) Eric Knight, all rights reserved",,False
Acoraceae,Sweet-Flags,Monocots,https://inaturalist-open-data.s3.amazonaws.com/photos/46842/square.jpg,cc-by-nc-nd,"(c) Dan Mullen, some rights reserved (CC BY-NC-ND)",,False
Actinidiaceae,Chinese Gooseberries and Kiwifruits,Dicots,https://inaturalist-open-data.s3.amazonaws.com/photos/87049/square.jpg,cc-by-nc-nd,"(c) Manuel Martín Vicente, some rights reserved (CC BY-NC-ND)",,False
Aextoxicaceae,Olivillo Family,Dicots,https://inaturalist-open-data.s3.amazonaws.com/photos/16356002/square.jpg,cc-by-nc,"(c) Jardín Botánico Nacional, Viña del Mar, Chile, some rights reserved (CC BY-NC)",,False
Aizoaceae,Stone Plants,Dicots,https://inaturalist-open-data.s3.amazonaws.com/photos/14205/square.jpg,cc-by-nc-sa,"(c) psilotum Lin, some rights reserved (CC BY-NC-SA)",,False
Akaniaceae,Turnipwood Family,Dicots,https://inaturalist-open-data.s3.amazonaws.com/photos/15383319/square.jpeg,cc-by-nc,"(c) Fang Calcium, some rights reserved (CC BY-NC), uploaded by Fang Calcium",,False
Alismataceae,Water-Plantain Family,Monocots,https://inaturalist-open-data.s3.amazonaws.com/photos/13877/square.jpg,cc-by-nc-sa,"(c) zen Sutherland, some rights reserved (CC BY-NC-SA)",,False
Alseuosmiaceae,Toropapa Family,Dicots,https://inaturalist-open-data.s3.amazonaws.com/photos/30466879/square.jpeg,cc-by-nc,"(c) Rene, some rights reserved (CC BY-NC), uploaded by Rene",,False
Alstroemeriaceae,,Monocots,https://static.inaturalist.org/photos/1881201/square.JPG,,"(c) Rodolph Delfino Sartin, all rights reserved, uploaded by Rodolph Delfino Sartin",,False
Altingiaceae,Sweetgums and Allies,Dicots,https://static.inaturalist.org/photos/6922488/square.jpeg,,"(c) jprekop, all rights reserved, uploaded by jprekop",,False
Alzateaceae,Alzatea Family,Dicots,https://static.inaturalist.org/photos/33832716/square.jpg,,"(c) John L. Clark, all rights reserved, uploaded by John L. Clark",,False
Amaranthaceae,Amaranths,Dicots,https://inaturalist-open-data.s3.amazonaws.com/photos/107903812/square.jpeg,cc-by-nc,"(c) overlander (Gerald Krygsman), some rights reserved (CC BY-NC), uploaded by overlander (Gerald Krygsman)",,False
Amaryllidaceae,"Amaryllis, Onions, and Allies",Monocots,https://inaturalist-open-data.s3.amazonaws.com/photos/9537450/square.jpeg,cc-by-nc-nd,"(c) sea-kangaroo, some rights reserved (CC BY-NC-ND), uploaded by sea-kangaroo",Key Words: Monocots with onion-like bulbs and juicy leaves. Flowerheads wrapped in a bract.,False
Amborellaceae,Amborella Family,Dicots,https://inaturalist-open-data.s3.amazonaws.com/photos/80176/square.jpg,cc-by,"(c) Scott Zona, some rights reserved (CC BY)",,False
Anacampserotaceae,Anacampseros Family,Dicots,https://inaturalist-open-data.s3.amazonaws.com/photos/15604941/square.jpg,cc-by-nc,"(c) Marion Maclean, some rights reserved (CC BY-NC), uploaded by Marion Maclean",,False
Anacardiaceae,Cashew Family,Dicots,https://static.inaturalist.org/photos/56402931/square.jpg,cc-by,"(c) mauro halpern, some rights reserved (CC BY)",Key Words (for northern species):   Shrubs with three-lobed or pinnate leaves and single-seeded red or white fruits.,True
Ancistrocladaceae,Ancistrocladus Family,Dicots,https://inaturalist-open-data.s3.amazonaws.com/photos/1469365/square.jpg,cc-by-nc-nd,"(c) loupok, some rights reserved (CC BY-NC-ND)",,False
Anisophylleaceae,,Dicots,https://inaturalist-open-data.s3.amazonaws.com/photos/723525/square.JPG,cc-by-nc-sa,"(c) 106611639464075912591, some rights reserved (CC BY-NC-SA), uploaded by Jonathan Hiew",,False
Annonaceae,Custard-Apples,Dicots,https://inaturalist-open-data.s3.amazonaws.com/photos/11501/square.jpg,cc-by-nc-nd,"(c) Philip Bouchard, some rights reserved (CC BY-NC-ND)",,False
Aphanopetalaceae,Gum Vine Family,Dicots,https://inaturalist-open-data.s3.amazonaws.com/photos/854098/square.jpg,cc-by-nc-sa,"(c) Tony Rodd, some rights reserved (CC BY-NC-SA)",,False
Aphloiaceae,Aphloia Family,Dicots,https://inaturalist-open-data.s3.amazonaws.com/photos/1542802/square.jpg,cc-by,"(c) scott.zona, some rights reserved (CC BY)",,False
Apiaceae,Carrot Family,Dicots,https://inaturalist-open-data.s3.amazonaws.com/photos/128792247/square.jpeg,cc-by-nc,"(c) Chris Close, some rights reserved (CC BY-NC), uploaded by Chris Close",Key Words: Compound umbels.  Usually hollow flower stalks.,True
Apocynaceae,Dogbane Family,Dicots,https://static.inaturalist.org/photos/161516858/square.jpg,cc-by-nc-nd,"(c) Cerlin Ng, some rights reserved (CC BY-NC-ND)",Key Words:  Plants with opposite leaves and milky juice.  Tubular flowers with parts in fives.,True
Apodanthaceae,,Dicots,https://inaturalist-open-data.s3.amazonaws.com/photos/596809/square.jpg,cc-by-nc-sa,"(c) 2012 Keir Morse, some rights reserved (CC BY-NC-SA)",,False
Aponogetonaceae,Aponogeton Family,Monocots,https://static.inaturalist.org/photos/1275471/square.,,"(c) chrismorse, all rights reserved",,False
Aquifoliaceae,Holly Family,Dicots,https://inaturalist-open-data.s3.amazonaws.com/photos/15193/square.jpg,cc-by-nc-sa,"(c) Erik JÃ¸rgensen, some rights reserved (CC BY-NC-SA)",,False
Araceae,Arum Family,Monocots,https://inaturalist-open-data.s3.amazonaws.com/photos/5700/square.jpg,cc-by-nc-nd,"(c) James Gaither, some rights reserved (CC BY-NC-ND)","Key Words: Flowers and fruits on a fleshy stalk, often in a spathe.",True
Araliaceae,Ivy Family,Dicots,https://inaturalist-open-data.s3.amazonaws.com/photos/8874/square.jpg,cc-by-nc-sa,"(c) manual crank, some rights reserved (CC BY-NC-SA)",Key Words:  Plants of the damp forest with umbels (not compound) and berries.,True
Arecaceae,Palms,Monocots,https://inaturalist-open-data.s3.amazonaws.com/photos/2360284/square.JPG,cc-by-nc,"(c) Tiana Randriamboavonjy, some rights reserved (CC BY-NC), uploaded by Tiana Randriamboavonjy",Key Words: Unbranching monocot trees in southern climates.,False
Argophyllaceae,Korokio Family,Dicots,https://inaturalist-open-data.s3.amazonaws.com/photos/11318414/square.jpg,cc0,"no rights reserved, uploaded by Peter de Lange",,False
Aristolochiaceae,Birthwort Family,Dicots,https://inaturalist-open-data.s3.amazonaws.com/photos/82135652/square.jpeg,cc-by-nc,"(c) Rebecca Phillips, some rights reserved (CC BY-NC), uploaded by Rebecca Phillips",Key Words:  Dicot plants with tubular flowers and parts in threes.,True
Asparagaceae,Agave and Allies,Monocots,https://static.inaturalist.org/photos/40208167/square.jpeg,,"(c) Eduardo Sánchez Jimenez, all rights reserved, uploaded by Eduardo Sánchez Jimenez",,True
Asphodelaceae,Asphodels,Monocots,https://inaturalist-open-data.s3.amazonaws.com/photos/3235627/square.JPG,cc-by-nc-nd,"(c) Ronald Werson, some rights reserved (CC BY-NC-ND), uploaded by Ronald Werson",,False
Asteliaceae,,Monocots,https://inaturalist-open-data.s3.amazonaws.com/photos/219865/square.jpeg,cc-by-sa,"(c) Rudolph89, some rights reserved (CC BY-SA)",,False
Asteraceae,"Sunflowers, Daisies, Asters, and Allies",Dicots,https://static.inaturalist.org/photos/72961012/square.jpg,cc-by-sa,"(c) Ram-Man, some rights reserved (CC BY-SA)",Key Words: Composite flowers in disk-like heads.,True
Asteropeiaceae,Asteropeia Family,Dicots,https://inaturalist-open-data.s3.amazonaws.com/photos/1048239/square.jpg,cc-by-nc,"(c) Romer Rabarijaona, some rights reserved (CC BY-NC), uploaded by Romer Rabarijaona",,False
Atherospermataceae,Southern Sassafras Family,Dicots,https://inaturalist-open-data.s3.amazonaws.com/photos/129956/square.jpg,cc-by-nc,"(c) Fundación Jardín Botánico Nacional, Viña del M, some rights reserved (CC BY-NC)",,False
Austrobaileyaceae,Austrobaileya Family,Dicots,https://inaturalist-open-data.s3.amazonaws.com/photos/129951/square.jpg,cc-by,"(c) Art Poskanzer, some rights reserved (CC BY)",,False
Balanopaceae,Balanops Family,Dicots,https://static.inaturalist.org/photos/32751630/square.jpg,cc-by,"(c) Keith Townsend, some rights reserved (CC BY)",,False
Balanophoraceae,Balanophora Family,Dicots,https://inaturalist-open-data.s3.amazonaws.com/photos/57221735/square.jpeg,cc-by-nc,"(c) Tsai-Yu Wu, some rights reserved (CC BY-NC), uploaded by Tsai-Yu Wu",,False
Balsaminaceae,Balsam Family,Dicots,https://inaturalist-open-data.s3.amazonaws.com/photos/12561/square.jpg,cc-by-nc-nd,"(c) James Gaither, some rights reserved (CC BY-NC-ND)","Key Words: Delicate, juicy plants with irregular flowers and spurs.",True
Barbeuiaceae,Barbeuia Family,Dicots,https://inaturalist-open-data.s3.amazonaws.com/photos/183843341/square.jpg,pd,"A. Faguet, no known copyright restrictions (public domain)",,False
Barbeyaceae,Barbeya Family,Dicots,https://inaturalist-open-data.s3.amazonaws.com/photos/101412247/square.jpg,cc-by-nc,"(c) Ali Mohammed Alzahrani, some rights reserved (CC BY-NC)",,False
Basellaceae,Basella Family,Dicots,https://inaturalist-open-data.s3.amazonaws.com/photos/722087/square.jpg,cc-by-nc,"(c) 2005 Luigi Rignanese, some rights reserved (CC BY-NC)",,False
Bataceae,Turtleweed Family,Dicots,https://inaturalist-open-data.s3.amazonaws.com/photos/43551481/square.jpeg,cc-by,"(c) Jay Horn, some rights reserved (CC BY), uploaded by Jay Horn",,False
Begoniaceae,Begonias and Allies,Dicots,https://static.inaturalist.org/photos/113774899/square.jpg,,"(c) Éric Mathieu, all rights reserved, uploaded by Éric Mathieu",,False
Berberidaceae,Barberry Family,Dicots,https://inaturalist-open-data.s3.amazonaws.com/photos/14991/square.jpg,cc-by-nc-nd,"(c) James Gaither, some rights reserved (CC BY-NC-ND)",Key Words:  Evergreen dicot plants with floral parts in threes and bright yellow inner bark.,True
Berberidopsidaceae,Tape-Vine Family,Dicots,https://inaturalist-open-data.s3.amazonaws.com/photos/5721018/square.jpg,cc-by,"(c) ashley basil from uk, some rights reserved (CC BY)",,False
Betulaceae,Birch Family,Dicots,https://inaturalist-open-data.s3.amazonaws.com/photos/4237/square.jpg,cc-by-nc-sa,"(c) Charles Tilford, some rights reserved (CC BY-NC-SA)",Key Words:  Trees or shrubs with cone-like catkins or nuts with attached bracts. ,True
Biebersteiniaceae,Biebersteinia Family,Dicots,https://inaturalist-open-data.s3.amazonaws.com/photos/17289850/square.jpg,cc-by-nc-sa,"(c) licensed media from TrekNature DwCA without owner, some rights reserved (CC BY-NC-SA)",,False
Bignoniaceae,Bignonia Family,Dicots,https://inaturalist-open-data.s3.amazonaws.com/photos/7066274/square.jpeg,cc-by-nc,"(c) Dra. Laura Elvia Uribe Lara, some rights reserved (CC BY-NC), uploaded by Dra. Laura Elvia Uribe Lara",,False
Bixaceae,Achiote Family,Dicots,https://inaturalist-open-data.s3.amazonaws.com/photos/181449/square.jpg,cc-by-nc-sa,"(c) Guacamoliest, some rights reserved (CC BY-NC-SA)",,False
Blandfordiaceae,Christmas Bells Family,Monocots,https://inaturalist-open-data.s3.amazonaws.com/photos/192690/square.jpg,cc-by-nc,"(c) Tindo2, some rights reserved (CC BY-NC)",,False
Bonnetiaceae,Bonnetia Family,Dicots,https://inaturalist-open-data.s3.amazonaws.com/photos/807114/square.JPG,cc-by-nc-sa,"(c) 106611639464075912591, some rights reserved (CC BY-NC-SA), uploaded by Jonathan Hiew",,False
Boraginaceae,Borage Family,Dicots,https://inaturalist-open-data.s3.amazonaws.com/photos/31342774/square.jpg,cc-by-nc,"(c) Alvin Diamond, some rights reserved (CC BY-NC), uploaded by Alvin Diamond",Key Words:  Hairy plants with flower parts in fives.  Four  nutlets.,True
Boryaceae,,Monocots,https://inaturalist-open-data.s3.amazonaws.com/photos/10411832/square.jpg,cc-by-nc,"(c) Muriel Bendel, some rights reserved (CC BY-NC), uploaded by Muriel Bendel",,False
Brassicaceae,Mustard Family,Dicots,https://inaturalist-open-data.s3.amazonaws.com/photos/8605926/square.jpg,cc-by-sa,"(c) Hiroyuki-H, some rights reserved (CC BY-SA)",Key Words: 4 petals and 6 stamens--4 tall and 2 short.,True
Bromeliaceae,Bromeliads,Monocots,https://inaturalist-open-data.s3.amazonaws.com/photos/26151/square.jpg,cc-by-nc-sa,"(c) Kai Yan,  Joseph Wong, some rights reserved (CC BY-NC-SA)",,False
Brunelliaceae,Brunellia Family,Dicots,https://inaturalist-open-data.s3.amazonaws.com/photos/1562299/square.jpeg,cc-by-nc-sa,"(c) Smithsonian Institution, National Museum of Natural History, Department of Botany, some rights reserved (CC BY-NC-SA)",,False
Bruniaceae,Blacktips,Dicots,https://inaturalist-open-data.s3.amazonaws.com/photos/1781773/square.jpg,cc-by-nc-nd,"(c) James Gaither, some rights reserved (CC BY-NC-ND)",,False
Burmanniaceae,,Monocots,https://inaturalist-open-data.s3.amazonaws.com/photos/17352/square.jpg,cc-by-nc-nd,"(c) eyeweed, some rights reserved (CC BY-NC-ND)",,False
Burseraceae,Torchwoods,Dicots,https://inaturalist-open-data.s3.amazonaws.com/photos/24912/square.jpg,cc-by-nd,"(c) Ron, some rights reserved (CC BY-ND)",,False
Butomaceae,Flowering-Rush Family,Monocots,https://inaturalist-open-data.s3.amazonaws.com/photos/283302/square.jpg,cc-by,"(c) Gernot Hochmueller, some rights reserved (CC BY)",,False
Buxaceae,Boxwood Family,Dicots,https://inaturalist-open-data.s3.amazonaws.com/photos/2376/square.jpg,cc-by-nc-sa,"(c) zen Sutherland, some rights reserved (CC BY-NC-SA)",,False
Byblidaceae,Rainbow Plants,Dicots,https://inaturalist-open-data.s3.amazonaws.com/photos/77785/square.jpg,cc-by-nc-nd,"(c) Jean and Fred Hort, some rights reserved (CC BY-NC-ND)",,False
Cabombaceae,Fanwort Family,Dicots,https://inaturalist-open-data.s3.amazonaws.com/photos/129953/square.jpg,cc-by-nc-sa,"(c) George Shepherd, some rights reserved (CC BY-NC-SA)",,False
Cactaceae,Cactus Family,Dicots,https://inaturalist-open-data.s3.amazonaws.com/photos/13279984/square.jpeg,cc-by-nc,"(c) reginasalinas, some rights reserved (CC BY-NC)",Key Words: Succulent desert plants with spines.  Flower parts numerous.,True
Calceolariaceae,Slipper-Flower Family,Dicots,https://static.inaturalist.org/photos/112717911/square.jpg,,"(c) Steven Daniel, all rights reserved, uploaded by Steven Daniel",,False
Calophyllaceae,Calophyllum Family,Dicots,https://inaturalist-open-data.s3.amazonaws.com/photos/1430139/square.jpg,cc-by-nc,"(c) Helene Ralimanana, some rights reserved (CC BY-NC), uploaded by Helene Ralimanana",,False
Calycanthaceae,Spicebush Family,Dicots,https://inaturalist-open-data.s3.amazonaws.com/photos/19424/square.jpg,cc-by-nc-nd,"(c) James Gaither, some rights reserved (CC BY-NC-ND)",,False
Calyceraceae,Calycera Family,Dicots,https://inaturalist-open-data.s3.amazonaws.com/photos/6664091/square.jpg,cc-by-nc,"(c) Manlio Martínez Barona, some rights reserved (CC BY-NC), uploaded by Manlio Martínez Barona",,False
Campanulaceae,Bellflower Family,Dicots,https://inaturalist-open-data.s3.amazonaws.com/photos/2198759/square.JPG,cc-by-nc,"(c) Carla Ellis, some rights reserved (CC BY-NC), uploaded by Carla Ellis","Key Words:  Bell-shaped flowers, usually with milky juice in the stems.",True
Campynemataceae,,Monocots,https://inaturalist-open-data.s3.amazonaws.com/photos/2987108/square.jpg,cc-by-nc,"(c) Clare Hawkins, some rights reserved (CC BY-NC), uploaded by Clare Hawkins",,False
Canellaceae,Canella Family,Dicots,https://inaturalist-open-data.s3.amazonaws.com/photos/129955/square.jpg,cc-by-nc,"(c) Jenny Evans, some rights reserved (CC BY-NC)",,False
Cannabaceae,Hackberry Family,Dicots,https://inaturalist-open-data.s3.amazonaws.com/photos/4838188/square.jpg,cc-by-nc,"(c) Roberto R. Calderón, some rights reserved (CC BY-NC), uploaded by Roberto R. Calderón","Key Words: Coarse, aromatic plants with palmate or pinnate leaves and no petals.",True
Cannaceae,Canna Lilies,Monocots,https://inaturalist-open-data.s3.amazonaws.com/photos/5361685/square.jpg,cc-by-nc,"(c) G. L. Dearman, some rights reserved (CC BY-NC), uploaded by G. L. Dearman",,False
Capparaceae,Caper Family,Dicots,https://inaturalist-open-data.s3.amazonaws.com/photos/1855840/square.jpg,cc-by-nc-sa,"(c) Bill & Mark Bell, some rights reserved (CC BY-NC-SA)",,False
Caprifoliaceae,Honeysuckle Family,Dicots,https://static.inaturalist.org/photos/56426520/square.jpg,cc-by,"(c) Karl Nickless, some rights reserved (CC BY)",Key Words: Bushes with opposite leaves and flowers/berries usually paired or in clusters.  Pithy stems.,True
Cardiopteridaceae,Cardiopteris Family,Dicots,https://inaturalist-open-data.s3.amazonaws.com/photos/27346206/square.jpg,cc-by,"(c) Julien Renoult, some rights reserved (CC BY), uploaded by Julien Renoult",,False
Caricaceae,Papaya Family,Dicots,https://inaturalist-open-data.s3.amazonaws.com/photos/75674/square.jpg,cc-by-nc-sa,"(c) Kew on Flickr, some rights reserved (CC BY-NC-SA)",,False
Carlemanniaceae,Carlemannia Family,Dicots,https://static.inaturalist.org/photos/30083599/square.jpg,cc-by-sa,"(c) Johannes Lundberg, some rights reserved (CC BY-SA)",,False
Caryocaraceae,Souari Family,Dicots,https://inaturalist-open-data.s3.amazonaws.com/photos/1844076/square.jpg,cc-by-nc,"(c) Morten Ross, some rights reserved (CC BY-NC), uploaded by Morten Ross",,False
Caryophyllaceae,Pink Family,Dicots,https://inaturalist-open-data.s3.amazonaws.com/photos/50002751/square.jpg,cc-by-nc,"(c) cloudya, some rights reserved (CC BY-NC), uploaded by cloudya",Key Words: Coarse plants with opposite leaves and  (usually) split petal-ends with flower parts in fives.,True
Casuarinaceae,Sheoaks,Dicots,https://inaturalist-open-data.s3.amazonaws.com/photos/31523834/square.jpeg,cc-by-nc-sa,"(c) Nick Lambert, some rights reserved (CC BY-NC-SA), uploaded by Nick Lambert",,False
Celastraceae,Staff-Vine Family,Dicots,https://inaturalist-open-data.s3.amazonaws.com/photos/37542/square.jpg,cc-by-nc-sa,"(c) J.R.M., some rights reserved (CC BY-NC-SA)",,False
Centroplacaceae,Centroplacus Family,Dicots,https://static.inaturalist.org/photos/52246081/square.jpg,cc-by-nc-sa,"(c) Cerlin Ng, some rights reserved (CC BY-NC-SA)",,False
Cephalotaceae,Albany Pitcher Plant Family,Dicots,https://inaturalist-open-data.s3.amazonaws.com/photos/3715315/square.jpg,cc-by-nc-sa,"(c) biodivinf, some rights reserved (CC BY-NC-SA)",,False
Ceratophyllaceae,Coontails,Dicots,https://inaturalist-open-data.s3.amazonaws.com/photos/80184/square.jpg,cc-by-nc-nd,"(c) eyeweed, some rights reserved (CC BY-NC-ND)",,False
Cercidiphyllaceae,Katsura Family,Dicots,https://inaturalist-open-data.s3.amazonaws.com/photos/1072887/square.jpg,cc-by-nc,"(c) Biopix, some rights reserved (CC BY-NC)",,False
Chloranthaceae,Chloranthus Family,Dicots,https://inaturalist-open-data.s3.amazonaws.com/photos/129952/square.jpg,cc-by-nc-sa,,,False
Chrysobalanaceae,Coco Plum Family,Dicots,https://inaturalist-open-data.s3.amazonaws.com/photos/105861/square.jpg,cc-by,"(c) Scott Zona, some rights reserved (CC BY)",,False
Circaeasteraceae,Circaeaster Family,Dicots,https://static.inaturalist.org/photos/58232120/square.jpg,cc-by-nc-sa,"(c) Apus wd, some rights reserved (CC BY-NC-SA)",,False
Cistaceae,Rock-Rose Family,Dicots,https://inaturalist-open-data.s3.amazonaws.com/photos/1184992/square.jpg,cc-by-nc-nd,"(c) James Gaither, some rights reserved (CC BY-NC-ND)",,False
Cleomaceae,Spider Flower Family,Dicots,https://inaturalist-open-data.s3.amazonaws.com/photos/350716/square.jpg,cc0,no rights reserved,Key Words:  Mustard-like flowers with pea-like pods.,True
Clethraceae,Clethra Family,Dicots,https://inaturalist-open-data.s3.amazonaws.com/photos/22759792/square.jpg,cc-by-nc,"(c) Kim Neunuebel, some rights reserved (CC BY-NC), uploaded by Kim Neunuebel",,False
Clusiaceae,Attorney Tree Family,Dicots,https://static.inaturalist.org/photos/52327068/square.jpg,cc-by,"(c) João Medeiros, some rights reserved (CC BY)",,False
Colchicaceae,Bellworts and Allies,Monocots,https://inaturalist-open-data.s3.amazonaws.com/photos/22875700/square.jpg,cc-by,"(c) Kevin Murray, some rights reserved (CC BY), uploaded by Kevin Murray",,False
Columelliaceae,Columellia Family,Dicots,https://inaturalist-open-data.s3.amazonaws.com/photos/6185293/square.jpeg,cc-by-nc,"(c) Nicolas Olejnik, some rights reserved (CC BY-NC), uploaded by Nicolas Olejnik",,False
Combretaceae,Bushwillow Family,Dicots,https://inaturalist-open-data.s3.amazonaws.com/photos/1538348/square.jpg,cc-by-nc-nd,"(c) Dinesh Valke, some rights reserved (CC BY-NC-ND)",,False
Commelinaceae,Spiderworts,Monocots,https://static.inaturalist.org/photos/1475331/square.jpg,,"(c) Juan Carlos Garcia Morales, all rights reserved, uploaded by Juan Carlos Garcia Morales","Key Words:  Succulent, mucilaginous monocot plants with three nearly equal-sized petals.",True
Connaraceae,Connarus Family,Dicots,https://inaturalist-open-data.s3.amazonaws.com/photos/55894241/square.jpeg,cc-by-nc,"(c) kerrycoleman, some rights reserved (CC BY-NC), uploaded by kerrycoleman",,False
Convolvulaceae,Bindweed Family,Dicots,https://static.inaturalist.org/photos/73482456/square.jpg,cc-by,"(c) j van cise photos, some rights reserved (CC BY)",Key Words: Usually vining plants with star-like creases in funnelform flowers.,True
Coriariaceae,,Dicots,https://static.inaturalist.org/photos/1191601/square.jpg,,"(c) Tyler Brummer, all rights reserved",,False
Cornaceae,Dogwood Family,Dicots,https://static.inaturalist.org/photos/79182213/square.jpg,cc-by-nc-sa,"(c) Gertrud K., some rights reserved (CC BY-NC-SA)","Key Words: Trees, shrubs or woody plants with opposite or whorled leaves, showy bracts and fleshy fruits.",True
Corsiaceae,,Monocots,https://static.inaturalist.org/photos/22188687/square.jpg,,"(c) Daniela C. Pérez Orellana, all rights reserved",,False
Corynocarpaceae,,Dicots,https://inaturalist-open-data.s3.amazonaws.com/photos/1538908/square.jpg,cc-by-nc-nd,"(c) jakub303, some rights reserved (CC BY-NC-ND)",,False
Costaceae,Spiral Gingers and Allies,Monocots,https://inaturalist-open-data.s3.amazonaws.com/photos/55387/square.jpg,cc-by,"(c) alantankenghoe, some rights reserved (CC BY)",,False
Crassulaceae,Stonecrop Family,Dicots,https://static.inaturalist.org/photos/70759404/square.jpg,cc-by-nc,"(c) Brendan Black, some rights reserved (CC BY-NC), uploaded by Brendan Black",Key Words:  Small succulent plants with 3 or more simple pistils.,True
Crossosomataceae,,Dicots,https://inaturalist-open-data.s3.amazonaws.com/photos/3078892/square.jpg,cc-by-nc,"(c) Steve Jones, some rights reserved (CC BY-NC), uploaded by Steve Jones",,False
Crypteroniaceae,Crypteronia Family,Dicots,https://inaturalist-open-data.s3.amazonaws.com/photos/181549917/square.jpeg,cc-by-nc,"(c) ab_satta, some rights reserved (CC BY-NC), uploaded by ab_satta",,False
Ctenolophonaceae,Ctenolophon Family,Dicots,https://static.inaturalist.org/photos/79633933/square.jpg,cc-by-nc-sa,"(c) Reuben C. J. Lim, some rights reserved (CC BY-NC-SA)",,False
Cucurbitaceae,Gourd Family,Dicots,https://static.inaturalist.org/photos/49375988/square.jpg,cc-by-nc,"(c) Scott Branson, some rights reserved (CC BY-NC)","Key Words:  Vining plants with tendrils.   Funnel-shaped flowers form large, usually 3-chambered fruits.",True
Cunoniaceae,Butterspoon Family,Dicots,https://inaturalist-open-data.s3.amazonaws.com/photos/30628/square.jpg,cc-by-nc-sa,"(c) dracophylla, some rights reserved (CC BY-NC-SA)",,False
Curtisiaceae,Assegai Family,Dicots,https://inaturalist-open-data.s3.amazonaws.com/photos/9866600/square.jpeg,cc-by-nc,"(c) David Renoult, some rights reserved (CC BY-NC), uploaded by David Renoult",,False
Cyclanthaceae,Cyclanthus Family,Monocots,https://static.inaturalist.org/photos/74304698/square.jpeg,,"(c) Riley Fortier, all rights reserved, uploaded by Riley Fortier",,False
Cymodoceaceae,Manatee-Grass Family,Monocots,https://inaturalist-open-data.s3.amazonaws.com/photos/223885/square.jpg,cc-by-nc-sa,"(c) Submon.org Submon.org, some rights reserved (CC BY-NC-SA)",,False
Cynomoriaceae,Red Thumb Family,Dicots,https://inaturalist-open-data.s3.amazonaws.com/photos/28656/square.jpg,cc-by-nc-sa,"(c) mcarmensol, some rights reserved (CC BY-NC-SA)",,False
Cyperaceae,Sedges,Monocots,https://inaturalist-open-data.s3.amazonaws.com/photos/24990/square.jpg,cc-by-nc-sa,"(c) JosÃ© MarÃ­a Escolano, some rights reserved (CC BY-NC-SA)",Key Words:  Sedges have edges.,True
Cyrillaceae,Cyrilla Family,Dicots,https://static.inaturalist.org/photos/110705070/square.jpg,cc-by-nc-sa,"(c) cotinis, some rights reserved (CC BY-NC-SA)",,False
Cytinaceae,Vampirecup Family,Dicots,https://inaturalist-open-data.s3.amazonaws.com/photos/3908714/square.jpeg,cc-by-nc,"(c) Paul Norwood, some rights reserved (CC BY-NC), uploaded by Paul Norwood",,False
Daphniphyllaceae,Daphniphyllum Family,Dicots,https://inaturalist-open-data.s3.amazonaws.com/photos/1285704/square.jpg,cc-by-nc-sa,"(c) Kai Yan,  Joseph Wong, some rights reserved (CC BY-NC-SA)",,False
Dasypogonaceae,,Monocots,https://inaturalist-open-data.s3.amazonaws.com/photos/80172/square.jpg,cc-by-nc-nd,"(c) eyeweed, some rights reserved (CC BY-NC-ND)",,False
Datiscaceae,,Dicots,https://inaturalist-open-data.s3.amazonaws.com/photos/56222/square.jpg,cc-by,"(c) dloarie, some rights reserved (CC BY), uploaded by Don Loarie",,False
Degeneriaceae,Karawa Family,Dicots,https://inaturalist-open-data.s3.amazonaws.com/photos/129960/square.jpeg,cc-by-nc-sa,"(c) Smithsonian Institution, National Museum of Natural History, Department of Botany, some rights reserved (CC BY-NC-SA)",,False
Diapensiaceae,Diapensia Family,Dicots,https://inaturalist-open-data.s3.amazonaws.com/photos/12913/square.jpg,cc-by-nc-sa,"(c) Patrick Coin, some rights reserved (CC BY-NC-SA)",,False
Dichapetalaceae,Gifblaar Family,Dicots,https://inaturalist-open-data.s3.amazonaws.com/photos/628713/square.jpg,cc-by-nc,"(c) Graeme White, some rights reserved (CC BY-NC), uploaded by Graeme White",,False
Didiereaceae,Didierea Family,Dicots,https://inaturalist-open-data.s3.amazonaws.com/photos/39962/square.jpg,cc-by-sa,"(c) Leonora Enking, some rights reserved (CC BY-SA)",,False
Dilleniaceae,Guinea-Flower Family,Dicots,https://inaturalist-open-data.s3.amazonaws.com/photos/19324094/square.jpg,cc-by,"(c) Kevin Thiele, some rights reserved (CC BY)",,False
Dioncophyllaceae,Dioncophyllum Family,Dicots,https://inaturalist-open-data.s3.amazonaws.com/photos/318787/square.jpg,cc-by-sa,"(c) anonymous, some rights reserved (CC BY-SA)",,False
Dioscoreaceae,True Yams,Monocots,https://inaturalist-open-data.s3.amazonaws.com/photos/52167/square.jpg,cc-by-nc-sa,"(c) Vicki Ashton, some rights reserved (CC BY-NC-SA)",,False
Dipentodontaceae,Dipentodon Family,Dicots,https://inaturalist-open-data.s3.amazonaws.com/photos/60766225/square.jpeg,cc-by-nc,"(c) Patricia Hernández, some rights reserved (CC BY-NC), uploaded by Patricia Hernández",,False
Dipterocarpaceae,Dipterocarp Family,Dicots,https://inaturalist-open-data.s3.amazonaws.com/photos/26605/square.jpg,cc-by-nc-sa,"(c) Min Sheng Khoo, some rights reserved (CC BY-NC-SA)",,False
Dirachmaceae,Dirachma Family,Dicots,https://inaturalist-open-data.s3.amazonaws.com/photos/196413869/square.jpg,pd,"John Nugent Fitch, no known copyright restrictions (public domain)",,False
Doryanthaceae,Spear Lily Family,Monocots,https://inaturalist-open-data.s3.amazonaws.com/photos/610172/square.jpg,cc-by-nc-nd,"(c) Margaret Donald, some rights reserved (CC BY-NC-ND)",,False
Droseraceae,Sundew Family,Dicots,https://inaturalist-open-data.s3.amazonaws.com/photos/78014/square.jpg,cc-by-nc-nd,"(c) Paul Huber, some rights reserved (CC BY-NC-ND)",,False
Drosophyllaceae,Drosophyllum Family,Dicots,https://static.inaturalist.org/photos/22080244/square.jpeg,,"(c) Francisco Barros, all rights reserved, uploaded by Francisco Barros",,False
Ebenaceae,Persimmon Family,Dicots,https://inaturalist-open-data.s3.amazonaws.com/photos/12003094/square.jpg,cc-by,"(c) Cheng-Tao Lin, some rights reserved (CC BY), uploaded by Cheng-Tao Lin",,False
Ecdeiocoleaceae,Sedge-Rush Family,Monocots,https://static.inaturalist.org/photos/48488178/square.jpg,cc-by,"(c) Kevin Thiele, some rights reserved (CC BY)",,False
Elaeagnaceae,Oleaster Family,Dicots,https://inaturalist-open-data.s3.amazonaws.com/photos/20487/square.jpg,cc-by-nc-nd,"(c) Dan Mullen, some rights reserved (CC BY-NC-ND)",Key Words:  Shrubs or trees often with silvery leaves and gray or red-orange fruits.,True
Elaeocarpaceae,Quandong Family,Dicots,https://inaturalist-open-data.s3.amazonaws.com/photos/30418/square.jpg,cc-by,"(c) Jon Sullivan, some rights reserved (CC BY)",,False
Elatinaceae,Waterwort Family,Dicots,https://inaturalist-open-data.s3.amazonaws.com/photos/553069/square.jpeg,cc-by-nc,"(c) Biopix, some rights reserved (CC BY-NC)",,False
Emblingiaceae,Emblingia Family,Dicots,https://inaturalist-open-data.s3.amazonaws.com/photos/173463994/square.jpeg,cc-by-nc,"(c) robert davis, some rights reserved (CC BY-NC), uploaded by robert davis",,False
Ericaceae,Heath Family,Dicots,https://static.inaturalist.org/photos/27053770/square.jpg,,"(c) Chris Whitehouse, all rights reserved, uploaded by Chris Whitehouse",Key Words: Mostly red or white bell-shaped flowers with parts in fours or fives.  Leaves often evergreen.,True
Eriocaulaceae,Pipeworts,Monocots,https://static.inaturalist.org/photos/74321434/square.jpg,cc-by-nc-sa,"(c) Mauricio Mercadante, some rights reserved (CC BY-NC-SA)",,False
Erythroxylaceae,Coca Family,Dicots,https://inaturalist-open-data.s3.amazonaws.com/photos/582373/square.jpg,cc-by-nc-sa,"(c) douneika, some rights reserved (CC BY-NC-SA)",,False
Escalloniaceae,,Dicots,https://static.inaturalist.org/photos/1326330/square.jpg,,"(c) David Lyttle, all rights reserved, uploaded by David Lyttle",,False
Eucommiaceae,Gutta-Percha Family,Dicots,https://static.inaturalist.org/photos/52091013/square.jpg,cc-by,"(c) Kristine Paulus, some rights reserved (CC BY)",,False
Euphorbiaceae,Spurge Family,Dicots,https://static.inaturalist.org/photos/10222510/square.jpg,cc-by-nc,"(c) jrebman, some rights reserved (CC BY-NC), uploaded by jrebman",Key Words:  Plants often with colored bracts and milky juice.,True
Euphroniaceae,Euphronia Family,Dicots,https://static.inaturalist.org/photos/32751743/square.jpg,cc-by,"(c) Biodiversity Heritage Library, some rights reserved (CC BY)",,False
Eupomatiaceae,Bolwarra Family,Dicots,https://inaturalist-open-data.s3.amazonaws.com/photos/129961/square.jpg,cc-by-nc,"(c) moreMangosteens, some rights reserved (CC BY-NC)",,False
Eupteleaceae,Euptelea Family,Dicots,https://inaturalist-open-data.s3.amazonaws.com/photos/5181455/square.jpg,cc-by,,,False
Fabaceae,Legumes,Dicots,https://static.inaturalist.org/photos/73034067/square.jpg,cc-by,"(c) Kevin Thiele, some rights reserved (CC BY)","Key Words: Banner, wings, and keel.  Pea-like pods, often with pinnate leaves.",True
Fagaceae,Beech Family,Dicots,https://inaturalist-open-data.s3.amazonaws.com/photos/9429093/square.jpg,cc-by,"(c) joergmlpts, some rights reserved (CC BY), uploaded by joergmlpts",Key Words:  Trees or shrubs with single nuts attached to scaly or spiny caps.,True
Flagellariaceae,Bushcane Family,Monocots,https://static.inaturalist.org/photos/50074891/square.jpg,,"(c) fish2bug, all rights reserved, uploaded by fish2bug",,False
Fouquieriaceae,Ocotillo Family,Dicots,https://inaturalist-open-data.s3.amazonaws.com/photos/1609/square.jpg,cc-by,"(c) Ken-ichi Ueda, some rights reserved (CC BY)",,False
Francoaceae,Bridal Wreath Family,Dicots,https://static.inaturalist.org/photos/41048753/square.jpeg,,"(c) Karen Eichholz, all rights reserved, uploaded by Karen Eichholz",,False
Frankeniaceae,Sea Heath Family,Dicots,https://static.inaturalist.org/photos/2107224/square.jpg,,"(c) Valter Jacinto, all rights reserved",,False
Garryaceae,Silktassel Family,Dicots,https://inaturalist-open-data.s3.amazonaws.com/photos/10869/square.jpg,cc-by-nc-nd,"(c) Eric in SF, some rights reserved (CC BY-NC-ND)",,False
Geissolomataceae,Geissoloma Family,Dicots,https://inaturalist-open-data.s3.amazonaws.com/photos/15116026/square.jpg,cc-by-sa,"(c) jillblignaut, some rights reserved (CC BY-SA), uploaded by jillblignaut",,False
Gelsemiaceae,,Dicots,https://inaturalist-open-data.s3.amazonaws.com/photos/7052352/square.jpg,cc-by-nc,"(c) Cindy Lincoln, some rights reserved (CC BY-NC), uploaded by Cindy Lincoln",,False
Gentianaceae,Gentian Family,Dicots,https://inaturalist-open-data.s3.amazonaws.com/photos/200324833/square.jpeg,cc-by-nc,"(c) Lauren Glevanik, some rights reserved (CC BY-NC), uploaded by Lauren Glevanik",Key Words:  Plants with opposite leaves and tubular flowers with parts in fours and fives.,True
Geraniaceae,Geranium Family,Dicots,https://static.inaturalist.org/photos/21874983/square.jpeg,,"(c) Valter Jacinto, all rights reserved, uploaded by Valter Jacinto",Key Words:  Flower parts in fives with a needle-like pistil and a five-parted stigma.,True
Gerrardinaceae,Gerrardina Family,Dicots,https://inaturalist-open-data.s3.amazonaws.com/photos/12848491/square.jpeg,cc-by-sa,"(c) Andrew Hankey, some rights reserved (CC BY-SA), uploaded by Andrew Hankey",,False
Gesneriaceae,Gesneria Family,Dicots,https://static.inaturalist.org/photos/161034/square.JPG,,"(c) Daniel A. Monsalve Ortiz, all rights reserved, uploaded by Daniel A. Monsalve Ortiz",,False
Gisekiaceae,Gisekia Family,Dicots,https://static.inaturalist.org/photos/51507885/square.jpeg,,"(c) Warren McCleland, all rights reserved, uploaded by Warren McCleland",,False
Gomortegaceae,Gomortega Family,Dicots,https://inaturalist-open-data.s3.amazonaws.com/photos/129957/square.jpg,cc-by-nc,"(c) Fundación Jardín Botánico Nacional, Viña del M, some rights reserved (CC BY-NC)",,False
Goodeniaceae,Fanflower Family,Dicots,https://inaturalist-open-data.s3.amazonaws.com/photos/164616/square.jpg,cc-by-nc-nd,"(c) Philip Bouchard, some rights reserved (CC BY-NC-ND)",,False
Goupiaceae,Goupia Family,Dicots,https://inaturalist-open-data.s3.amazonaws.com/photos/11859390/square.jpeg,cc-by-nc,"(c) Marcel Carita Vaz, some rights reserved (CC BY-NC), uploaded by Marcel Carita Vaz",,False
Griseliniaceae,Griselinia Family,Dicots,https://inaturalist-open-data.s3.amazonaws.com/photos/57743600/square.jpg,cc0,"no rights reserved, uploaded by Peter de Lange",,False
Grossulariaceae,Gooseberry Family,Dicots,https://inaturalist-open-data.s3.amazonaws.com/photos/50463241/square.jpg,cc-by-nc,"(c) sentraevant, some rights reserved (CC BY-NC), uploaded by sentraevant",Key Words: Bushes with palmate leaves. Translucent berries with attached sepals.,True
Grubbiaceae,Sillyberries,Dicots,https://inaturalist-open-data.s3.amazonaws.com/photos/11659779/square.jpeg,cc-by-sa,"(c) Tony Rebelo, some rights reserved (CC BY-SA), uploaded by Tony Rebelo",,False
Guamatelaceae,Guamatela Family,Dicots,,,,,False
Gunneraceae,Gunnera Family,Dicots,https://inaturalist-open-data.s3.amazonaws.com/photos/36036/square.jpg,cc-by-nc-nd,"(c) Mathieu Bertrand Struck, some rights reserved (CC BY-NC-ND)",,False
Gyrostemonaceae,Corkybark Family,Dicots,https://inaturalist-open-data.s3.amazonaws.com/photos/12246334/square.jpeg,cc-by,"(c) ronavery, some rights reserved (CC BY), uploaded by ronavery",,False
Haemodoraceae,Blood Roots,Monocots,https://static.inaturalist.org/photos/55579/square.jpg,,"(c) Tig, all rights reserved",,False
Halophytaceae,Halophytum Family,Dicots,https://static.inaturalist.org/photos/30324319/square.jpeg,cc-by-sa,"(c) Daniela Cano, some rights reserved (CC BY-SA)",,False
Haloragaceae,Water Milfoil Family,Dicots,https://inaturalist-open-data.s3.amazonaws.com/photos/72088/square.jpg,cc-by-nc,"(c) Tindo2, some rights reserved (CC BY-NC)",,False
Hamamelidaceae,Witch-Hazel Family,Dicots,https://inaturalist-open-data.s3.amazonaws.com/photos/47068613/square.jpg,cc-by-nc,"(c) John Boback, some rights reserved (CC BY-NC), uploaded by John Boback",,False
Hanguanaceae,,Monocots,https://inaturalist-open-data.s3.amazonaws.com/photos/18206761/square.jpeg,cc-by-nc-sa,"(c) E. J. Y. Soh, some rights reserved (CC BY-NC-SA), uploaded by E. J. Y. Soh",,False
Heliconiaceae,,Monocots,https://inaturalist-open-data.s3.amazonaws.com/photos/5715300/square.jpg,cc-by,"(c) Jesús Cabrera, some rights reserved (CC BY)",,False
Helwingiaceae,Helwingia Family,Dicots,https://inaturalist-open-data.s3.amazonaws.com/photos/2298340/square.jpg,cc-by-sa,"(c) bunjii2, some rights reserved (CC BY-SA)",,False
Hernandiaceae,Hernandia Family,Dicots,https://inaturalist-open-data.s3.amazonaws.com/photos/129958/square.jpg,cc-by-nd,"(c) Lauren Gutierrez, some rights reserved (CC BY-ND)",,False
Himantandraceae,Galbulimima Family,Dicots,https://inaturalist-open-data.s3.amazonaws.com/photos/129962/square.jpg,cc-by-nc-sa,"(c) Tony Rodd, some rights reserved (CC BY-NC-SA)",,False
Huaceae,Hua Family,Dicots,https://inaturalist-open-data.s3.amazonaws.com/photos/196410877/square.jpg,cc-by-sa,"(c) Hiobson, some rights reserved (CC BY-SA)",,False
Humiriaceae,Humiria Family,Dicots,https://inaturalist-open-data.s3.amazonaws.com/photos/60685/square.jpg,cc-by,"(c) João Medeiros, some rights reserved (CC BY)",,False
Hydatellaceae,Trithuria Family,Dicots,https://inaturalist-open-data.s3.amazonaws.com/photos/2886564/square.jpg,cc0,"no rights reserved, uploaded by Peter de Lange",,False
Hydrangeaceae,Hydrangea Family,Dicots,https://inaturalist-open-data.s3.amazonaws.com/photos/79184590/square.jpeg,cc-by-nc,,Key Words:  Shrubs with opposite leaves and showy flowers with parts in fours and fives.,True
Hydrocharitaceae,Tape-Grass Family,Monocots,https://inaturalist-open-data.s3.amazonaws.com/photos/4759/square.jpg,cc-by-nc-sa,"(c) Vishal Bhave, some rights reserved (CC BY-NC-SA), uploaded by Vishals_Lab",,False
Hydroleaceae,False Fiddleleaves,Dicots,https://inaturalist-open-data.s3.amazonaws.com/photos/1472307/square.jpg,cc-by-nc-sa,"(c) Dinesh Valke, some rights reserved (CC BY-NC-SA)",,False
Hydrostachyaceae,Hydrostachys Family,Dicots,https://static.inaturalist.org/photos/12659724/square.jpg,,"(c) Twané Clarke, all rights reserved, uploaded by Twané Clarke",,False
Hypericaceae,St. John's Wort Family,Dicots,https://inaturalist-open-data.s3.amazonaws.com/photos/23343255/square.jpg,cc-by-nc-sa,"(c) Paul Reeves, some rights reserved (CC BY-NC-SA), uploaded by Paul Reeves",Key Words: Yellow flowers with parts in fours or fives.  Opposite leaves with clear dots.,True
Hypoxidaceae,Stargrasses and Allies,Monocots,https://inaturalist-open-data.s3.amazonaws.com/photos/50226414/square.jpg,cc-by-sa,"(c) magriet b, some rights reserved (CC BY-SA), uploaded by magriet b",,False
Icacinaceae,Icacina Family,Dicots,https://inaturalist-open-data.s3.amazonaws.com/photos/2368282/square.jpg,cc-by-nc-sa,"(c) Satish Nikam, some rights reserved (CC BY-NC-SA)",,False
Iridaceae,Irises and Allies,Monocots,https://inaturalist-open-data.s3.amazonaws.com/photos/939730/square.jpg,cc-by-nc-sa,"(c) harum.koh, some rights reserved (CC BY-NC-SA), uploaded by harum.koh",Key Words:  Lily-like flowers with leaves in a flat plane.,True
Irvingiaceae,African Mango Family,Dicots,https://inaturalist-open-data.s3.amazonaws.com/photos/1467813/square.jpg,cc-by-nc-sa,"(c) Nemo's great uncle, some rights reserved (CC BY-NC-SA)",,False
Iteaceae,Sweetspire Family,Dicots,https://static.inaturalist.org/photos/520781/square.jpg,,"(c) Anne, all rights reserved",,False
Ixioliriaceae,,Monocots,https://inaturalist-open-data.s3.amazonaws.com/photos/3393894/square.jpg,cc-by-nc,"(c) Mountain Partnership at FAO, some rights reserved (CC BY-NC)",,False
Ixonanthaceae,Nian Mu Family,Dicots,https://inaturalist-open-data.s3.amazonaws.com/photos/1448400/square.jpg,cc-by-nc-nd,"(c) loupok, some rights reserved (CC BY-NC-ND)",,False
Joinvilleaceae,,Monocots,https://static.inaturalist.org/photos/5318261/square.jpeg,,"(c) Te Papa, all rights reserved, uploaded by Te Papa",,False
Juglandaceae,Walnut Family,Dicots,https://inaturalist-open-data.s3.amazonaws.com/photos/49858650/square.jpeg,cc-by,"(c) Douglas Goldman, some rights reserved (CC BY), uploaded by Douglas Goldman",Key Words:  Aromatic trees with pinnate leaves and walnut-like fruits.,True
Juncaceae,Rushes,Monocots,https://inaturalist-open-data.s3.amazonaws.com/photos/36713986/square.jpg,cc-by-nc,"(c) Debra Vasquez, some rights reserved (CC BY-NC), uploaded by Debra Vasquez",,False
Juncaginaceae,Arrowgrass Family,Monocots,https://inaturalist-open-data.s3.amazonaws.com/photos/14177/square.jpg,cc-by-nc-sa,"(c) Bas Kers, some rights reserved (CC BY-NC-SA)",Key Words:  Grassy plants with non-showy flowers and 3 to 6.,True
Kewaceae,Saltsorrel Family,Dicots,https://inaturalist-open-data.s3.amazonaws.com/photos/22213988/square.jpg,cc-by,"(c) Cheng-Tao Lin, some rights reserved (CC BY), uploaded by Cheng-Tao Lin",,False
Kirkiaceae,Kirkia Family,Dicots,https://inaturalist-open-data.s3.amazonaws.com/photos/2099742/square.JPG,cc-by-nc,"(c) Rokiman LETSARA, some rights reserved (CC BY-NC), uploaded by Rokiman LETSARA",,False
Koeberliniaceae,Koeberlinia Family,Dicots,https://inaturalist-open-data.s3.amazonaws.com/photos/901958/square.jpg,cc-by,"(c) Dick Culbert, some rights reserved (CC BY)",,False
Krameriaceae,Rhatany Family,Dicots,https://inaturalist-open-data.s3.amazonaws.com/photos/11726102/square.jpg,cc-by-nc,"(c) Alex Abair, some rights reserved (CC BY-NC), uploaded by Alex Abair",,False
Lacistemataceae,Lacistema Family,Dicots,https://static.inaturalist.org/photos/1544053/square.JPG,,"(c) Rodolph Delfino Sartin, all rights reserved, uploaded by Rodolph Delfino Sartin",,False
Lamiaceae,Mint Family,Dicots,https://static.inaturalist.org/photos/9018542/square.jpg,,"(c) Chad Arment, all rights reserved, uploaded by Chad Arment","Key Words: Square stalks and opposite leaves, often aromatic.",True
Lanariaceae,Lambstails,Monocots,https://inaturalist-open-data.s3.amazonaws.com/photos/11953860/square.jpeg,cc-by-sa,"(c) Tony Rebelo, some rights reserved (CC BY-SA), uploaded by Tony Rebelo",,False
Lardizabalaceae,Zabala Family,Dicots,https://inaturalist-open-data.s3.amazonaws.com/photos/92045/square.jpg,cc-by-nc-nd,"(c) John Forlonge, some rights reserved (CC BY-NC-ND)",,False
Lauraceae,Laurels,Dicots,https://inaturalist-open-data.s3.amazonaws.com/photos/6638714/square.jpg,cc-by,"(c) Neptalí Ramírez Marcial, some rights reserved (CC BY), uploaded by Neptalí Ramírez Marcial",,False
Lecythidaceae,Lecythis Family,Dicots,https://inaturalist-open-data.s3.amazonaws.com/photos/83451478/square.jpeg,cc-by-nc,"(c) Guillaume Delaitre, some rights reserved (CC BY-NC), uploaded by Guillaume Delaitre",,False
Lentibulariaceae,Bladderwort Family,Dicots,https://static.inaturalist.org/photos/59790672/square.jpg,cc-by,"(c) Jean and Fred, some rights reserved (CC BY)",,False
Lepidobotryaceae,Lepidobotrys Family,Dicots,https://inaturalist-open-data.s3.amazonaws.com/photos/20536278/square.jpg,cc-by-nc-sa,"(c) Reinaldo Aguilar, some rights reserved (CC BY-NC-SA)",,False
Liliaceae,Lilies,Monocots,https://inaturalist-open-data.s3.amazonaws.com/photos/4173183/square.JPG,cc-by-nc-nd,"(c) Mark Kluge, some rights reserved (CC BY-NC-ND), uploaded by Mark Kluge",Key Words: Flowers with parts in threes.  Sepals and petals usually identical.,True
Limeaceae,Limeum Family,Dicots,https://inaturalist-open-data.s3.amazonaws.com/photos/15991021/square.jpg,cc-by-sa,"(c) Tony Rebelo, some rights reserved (CC BY-SA), uploaded by Tony Rebelo",,False
Limnanthaceae,Meadowfoam Family,Dicots,https://inaturalist-open-data.s3.amazonaws.com/photos/27886/square.jpg,cc-by-nc-nd,"(c) James Gaither, some rights reserved (CC BY-NC-ND)",,False
Linaceae,Flax Family,Dicots,https://inaturalist-open-data.s3.amazonaws.com/photos/15494/square.jpg,cc-by-nc-nd,"(c) Andreas Philipp, some rights reserved (CC BY-NC-ND)",Key Words:  Flower parts in fives.  Seed capsules like the sections of an orange.,True
Linderniaceae,Lindernia Family,Dicots,https://inaturalist-open-data.s3.amazonaws.com/photos/51498249/square.jpeg,cc-by-nc,"(c) Aniruddha Singhamahapatra, some rights reserved (CC BY-NC), uploaded by Aniruddha Singhamahapatra",,False
Loasaceae,Stickleaf Family,Dicots,https://static.inaturalist.org/photos/30532412/square.jpg,cc-by-nc-sa,"(c) Andreas Kay, some rights reserved (CC BY-NC-SA)","Key Words: Coarse, hairy plants of arid lands with numerous stamens.",True
Loganiaceae,Logania Family,Dicots,https://inaturalist-open-data.s3.amazonaws.com/photos/40488258/square.jpg,cc-by-nc,"(c) meknght, some rights reserved (CC BY-NC)",,False
Lophiocarpaceae,Lophiocarpus Family,Dicots,https://inaturalist-open-data.s3.amazonaws.com/photos/15823356/square.jpg,cc-by-nc-nd,"(c) Joseph Heymans, some rights reserved (CC BY-NC-ND), uploaded by Joseph Heymans",,False
Lophopyxidaceae,Lophopyxis Family,Dicots,,,,,False
Loranthaceae,Showy Mistletoes,Dicots,https://static.inaturalist.org/photos/112001001/square.jpg,,"(c) Ori Fragman-Sapir, all rights reserved, uploaded by Ori Fragman-Sapir",,False
Lowiaceae,,Monocots,https://inaturalist-open-data.s3.amazonaws.com/photos/1476402/square.jpeg,cc-by-nc-sa,"(c) Smithsonian Institution, National Museum of Natural History, Department of Botany, some rights reserved (CC BY-NC-SA)",,False
Lythraceae,Lythrum Family,Dicots,https://inaturalist-open-data.s3.amazonaws.com/photos/9787692/square.jpg,cc-by-nc,"(c) Susan Elliott, some rights reserved (CC BY-NC), uploaded by Susan Elliott","Key Words: Twice the number of stamens as petals, in two series-short and tall.",True
Macarthuriaceae,Macarthuria Family,Dicots,https://inaturalist-open-data.s3.amazonaws.com/photos/25933790/square.jpeg,cc-by-nc-sa,"(c) Reiner Richter, some rights reserved (CC BY-NC-SA), uploaded by Reiner Richter",,False
Magnoliaceae,Magnolia Family,Dicots,https://inaturalist-open-data.s3.amazonaws.com/photos/134684137/square.jpg,cc-by-nc,"(c) Douglas Goldman, some rights reserved (CC BY-NC), uploaded by Douglas Goldman",,False
Malpighiaceae,Nance Family,Dicots,https://static.inaturalist.org/photos/95796153/square.jpg,cc-by-nc-sa,"(c) Reinaldo Aguilar, some rights reserved (CC BY-NC-SA)",,False
Malvaceae,Mallow and Hibiscus Family,Dicots,https://inaturalist-open-data.s3.amazonaws.com/photos/7334/square.jpg,cc-by-nc-nd,"(c) Philip Bouchard, some rights reserved (CC BY-NC-ND)",Key Words: Key Words: 5 separate petals and a column of stamens.  Mucilaginous texture.,True
Marantaceae,Arrowroots,Monocots,https://inaturalist-open-data.s3.amazonaws.com/photos/15797267/square.jpg,cc-by-nc,"(c) Igmar Grewar, some rights reserved (CC BY-NC), uploaded by Igmar Grewar",,False
Marcgraviaceae,Marcgravia Family,Dicots,https://inaturalist-open-data.s3.amazonaws.com/photos/23965382/square.jpeg,cc-by-nc,"(c) jcorrie, some rights reserved (CC BY-NC)",,False
Martyniaceae,Unicorn Plant Family,Dicots,https://inaturalist-open-data.s3.amazonaws.com/photos/493476/square.jpeg,cc-by-nc-sa,"(c) 2004 California Academy of Sciences, some rights reserved (CC BY-NC-SA)",,False
Maundiaceae,Maundia Family,Monocots,https://inaturalist-open-data.s3.amazonaws.com/photos/158922998/square.jpeg,cc0,"no rights reserved, uploaded by Zac Holt",,False
Mayacaceae,,Monocots,https://static.inaturalist.org/photos/47857225/square.jpg,,"(c) strgzzr, all rights reserved, uploaded by strgzzr",,False
Mazaceae,Mazus Family,Dicots,https://inaturalist-open-data.s3.amazonaws.com/photos/7003279/square.jpeg,cc-by-nc-sa,"(c) Phuentsho, some rights reserved (CC BY-NC-SA), uploaded by Phuentsho",,False
Melanthiaceae,Bunchflowers,Monocots,https://inaturalist-open-data.s3.amazonaws.com/photos/1691/square.jpg,cc-by-nc-nd,"(c) Brent Miller, some rights reserved (CC BY-NC-ND)",Key Words: Bunches of Lily-like flowers with incompletely fused pistils.,True
Melastomataceae,,Dicots,https://static.inaturalist.org/photos/29801491/square.jpg,,"(c) Oscar H. Marín, all rights reserved, uploaded by Oscar H. Marín",,False
Meliaceae,Mahogany Family,Dicots,https://inaturalist-open-data.s3.amazonaws.com/photos/55127997/square.jpg,cc-by-nc,"(c) L. Vivar., some rights reserved (CC BY-NC), uploaded by L. Vivar.",,False
Menispermaceae,Moonseed Family,Dicots,https://static.inaturalist.org/photos/58232579/square.jpg,cc-by,"(c) João Medeiros, some rights reserved (CC BY)",,False
Menyanthaceae,Bogbean Family,Dicots,https://inaturalist-open-data.s3.amazonaws.com/photos/6099661/square.jpg,cc-by-sa,"(c) psweet, some rights reserved (CC BY-SA), uploaded by psweet",,False
Metteniusaceae,Metteniusa Family,Dicots,https://static.inaturalist.org/photos/18130045/square.jpeg,,"(c) Juliana Lins, all rights reserved, uploaded by Juliana Lins",,False
Microteaceae,Microtea Family,Dicots,https://static.inaturalist.org/photos/50551571/square.jpeg,cc-by-nc-nd,"(c) Víctor de Paiva, some rights reserved (CC BY-NC-ND), uploaded by Víctor de Paiva",,False
Misodendraceae,Feathery Mistletoes,Dicots,https://inaturalist-open-data.s3.amazonaws.com/photos/130168/square.jpg,cc-by-nc,"(c) Fundación Jardín Botánico Nacional, Viña del M, some rights reserved (CC BY-NC)",,False
Mitrastemonaceae,Mitrastemon Family,Dicots,https://inaturalist-open-data.s3.amazonaws.com/photos/27998845/square.jpeg,cc-by-nc,"(c) Fang Calcium, some rights reserved (CC BY-NC), uploaded by Fang Calcium",,False
Molluginaceae,Carpetweed Family,Dicots,https://inaturalist-open-data.s3.amazonaws.com/photos/15755296/square.jpg,cc-by-sa,"(c) jillblignaut, some rights reserved (CC BY-SA), uploaded by jillblignaut",,False
Monimiaceae,Monimia Family,Dicots,https://inaturalist-open-data.s3.amazonaws.com/photos/129956/square.jpg,cc-by-nc,"(c) Fundación Jardín Botánico Nacional, Viña del M, some rights reserved (CC BY-NC)",,False
Montiaceae,Pussypaw Family,Dicots,https://inaturalist-open-data.s3.amazonaws.com/photos/853/square.jpg,cc-by-sa,"(c) J Brew, some rights reserved (CC BY-SA)",Key Words:  Succulent plants often growing in intense sunlight.  Two sepals.,True
Montiniaceae,Rattlebush Family,Dicots,https://inaturalist-open-data.s3.amazonaws.com/photos/54442558/square.jpg,cc-by-nc,"(c) Carina Lochner, some rights reserved (CC BY-NC), uploaded by Carina Lochner",,False
Moraceae,Mulberry and Fig Family,Dicots,https://inaturalist-open-data.s3.amazonaws.com/photos/110676084/square.jpg,cc-by,"(c) Alan Manson, some rights reserved (CC BY), uploaded by Alan Manson",Key Words: Trees and shrubs with alternate leaves and milky sap..,True
Moringaceae,Moringa Family,Dicots,https://static.inaturalist.org/photos/52090905/square.jpg,cc-by-sa,"(c) Tobias 67, some rights reserved (CC BY-SA)",,False
Muntingiaceae,Muntingia Family,Dicots,https://inaturalist-open-data.s3.amazonaws.com/photos/532230/square.jpg,cc-by-nc,"(c) C. E. Timothy Paine, some rights reserved (CC BY-NC)",,False
Musaceae,Banana Family,Monocots,https://inaturalist-open-data.s3.amazonaws.com/photos/1816339/square.jpg,cc-by-nc-sa,"(c) Charles Roffey, some rights reserved (CC BY-NC-SA)",,False
Myodocarpaceae,Myodocarpus Family,Dicots,https://inaturalist-open-data.s3.amazonaws.com/photos/30974128/square.jpg,cc-by-nc,"(c) nataliemhowe, some rights reserved (CC BY-NC), uploaded by nataliemhowe",,False
Myricaceae,Wax Trees and Shrubs,Dicots,https://inaturalist-open-data.s3.amazonaws.com/photos/16145/square.jpg,cc-by-nc-nd,"(c) David Hofmann, some rights reserved (CC BY-NC-ND)",,False
Myristicaceae,Nutmeg Family,Dicots,https://inaturalist-open-data.s3.amazonaws.com/photos/75657/square.jpg,cc-by-nc-nd,"(c) Jim, some rights reserved (CC BY-NC-ND)",,False
Myrothamnaceae,Resurrection Plant Family,Dicots,https://inaturalist-open-data.s3.amazonaws.com/photos/59099977/square.jpeg,cc-by-sa,"(c) Tony Rebelo, some rights reserved (CC BY-SA), uploaded by Tony Rebelo",,False
Myrtaceae,Myrtle Family,Dicots,https://inaturalist-open-data.s3.amazonaws.com/photos/7479/square.jpg,cc-by-nc-nd,"(c) Martin Heigan, some rights reserved (CC BY-NC-ND)",,False
Nartheciaceae,Bog Asphodels and Colicroots,Monocots,https://static.inaturalist.org/photos/42396491/square.jpg,cc-by-nc,"(c) Yianni Laskaris, some rights reserved (CC BY-NC), uploaded by Yianni Laskaris",,False
Nelumbonaceae,Lotus Family,Dicots,https://inaturalist-open-data.s3.amazonaws.com/photos/48593/square.jpg,cc-by-nc-sa,"(c) Martin Miranda, some rights reserved (CC BY-NC-SA)",,False
Nepenthaceae,Old World Pitcher Plants,Dicots,https://inaturalist-open-data.s3.amazonaws.com/photos/78016/square.jpg,cc-by-nd,"(c) Jack Wolf, some rights reserved (CC BY-ND)",,False
Neuradaceae,Neurada Family,Dicots,https://static.inaturalist.org/photos/56334/square.jpg,,"(c) Tig, all rights reserved",,False
Nitrariaceae,Nitre Bush Family,Dicots,https://inaturalist-open-data.s3.amazonaws.com/photos/215513/square.jpg,cc-by,"(c) Ostenfuchs, some rights reserved (CC BY)",,False
Nothofagaceae,Southern Beeches,Dicots,https://inaturalist-open-data.s3.amazonaws.com/photos/30521/square.jpg,cc-by-nc,"(c) Jon Sullivan, some rights reserved (CC BY-NC)",,False
Nyctaginaceae,Four O'clock Family,Dicots,https://static.inaturalist.org/photos/22092835/square.jpg,,"(c) Diana Lee, all rights reserved, uploaded by Diana Lee",Key Words: Tubular flowers with 5 colored sepals and no petals.,True
Nymphaeaceae,Waterlily Family,Dicots,https://inaturalist-open-data.s3.amazonaws.com/photos/61207472/square.jpeg,cc-by-nc,"(c) fernanda_santos, some rights reserved (CC BY-NC), uploaded by fernanda_santos","Key Words: Aquatic plants with large, floating leaves and showy flowers.",True
Nyssaceae,Tupelo Family,Dicots,https://static.inaturalist.org/photos/88275145/square.jpg,cc-by-nc-sa,"(c) Steven Severinghaus, some rights reserved (CC BY-NC-SA)",,False
Ochnaceae,Ochna Family,Dicots,https://static.inaturalist.org/photos/19252714/square.jpeg,,"(c) Rudy Gelis, all rights reserved, uploaded by Rudy Gelis",,False
Olacaceae,Olax Family,Dicots,https://inaturalist-open-data.s3.amazonaws.com/photos/15479191/square.jpg,cc-by-nc,"(c) Ruth Ripley, some rights reserved (CC BY-NC), uploaded by Ruth Ripley",,False
Oleaceae,Olive Family,Dicots,https://inaturalist-open-data.s3.amazonaws.com/photos/7363/square.jpg,cc-by-nc-sa,"(c) Hans-JÃ¼rgen Becker, some rights reserved (CC BY-NC-SA)","Key Words:  Trees or shrubs with opposite leaves and  4 sepals, 4 or 0 petals and 2 stamens. ",True
Onagraceae,Evening Primrose Family,Dicots,https://inaturalist-open-data.s3.amazonaws.com/photos/16678238/square.jpg,cc-by-nc,"(c) Steve Ganley, some rights reserved (CC BY-NC), uploaded by Steve Ganley","Key Words:  Flower parts usually in fours, including a four-lobed stigma.",True
Oncothecaceae,Oncotheca Family,Dicots,https://static.inaturalist.org/photos/102163581/square.jpg,cc-by,"(c) Royal Botanic Gardens, Kew, some rights reserved (CC BY)",,False
Opiliaceae,Opilia Family,Dicots,https://inaturalist-open-data.s3.amazonaws.com/photos/1019549/square.jpg,cc-by-nc-sa,"(c) Johannes Lundberg, some rights reserved (CC BY-NC-SA)",,False
Orchidaceae,Orchids,Monocots,https://static.inaturalist.org/photos/52851416/square.jpg,,"(c) Ori Fragman-Sapir, all rights reserved, uploaded by Ori Fragman-Sapir",Key Words:  Irregular monocot flowers with a distinctive inferior ovary.,True
Orobanchaceae,Broomrape Family,Dicots,https://inaturalist-open-data.s3.amazonaws.com/photos/63309768/square.jpeg,cc-by-nc,"(c) Riana Fourie, some rights reserved (CC BY-NC), uploaded by Riana Fourie",Key Words:  Parasitic plants with Figwort-like flowers. ,True
Oxalidaceae,Woodsorrel Family,Dicots,https://inaturalist-open-data.s3.amazonaws.com/photos/7179/square.jpg,cc-by-nc,"(c) cobalt, some rights reserved (CC BY-NC)",Key Words: Small plants with shamrock leaves and flower parts in fives.,True
Paeoniaceae,Peony Family,Dicots,https://inaturalist-open-data.s3.amazonaws.com/photos/12934155/square.jpg,cc-by-nc-sa,"(c) Monteregina (Nicole), some rights reserved (CC BY-NC-SA)",,False
Pandaceae,Kana Family,Dicots,https://inaturalist-open-data.s3.amazonaws.com/photos/1019478/square.jpg,cc-by-nc-sa,"(c) Johannes Lundberg, some rights reserved (CC BY-NC-SA)",,False
Pandanaceae,Screwpine Family,Monocots,https://inaturalist-open-data.s3.amazonaws.com/photos/10382092/square.jpg,cc-by-nc-nd,"(c) Oscar Johnson, some rights reserved (CC BY-NC-ND), uploaded by Oscar Johnson",,False
Papaveraceae,Poppy Family,Dicots,https://inaturalist-open-data.s3.amazonaws.com/photos/10350569/square.jpg,cc-by-nc,"(c) Salvador Herrera, some rights reserved (CC BY-NC), uploaded by Salvador Herrera",Key Words:  Petals in fours with numerous stamens and often milky sap.,True
Paracryphiaceae,Paracryphia Family,Dicots,https://static.inaturalist.org/photos/3093650/square.jpg,,"(c) Danilo Hegg, all rights reserved, uploaded by Danilo Hegg",,False
Passifloraceae,Passionfruit Family,Dicots,https://static.inaturalist.org/photos/92190868/square.jpeg,,"(c) Amy Bailey, all rights reserved, uploaded by Amy Bailey",,False
Paulowniaceae,Foxglove Tree Family,Dicots,https://static.inaturalist.org/photos/50868314/square.jpg,cc-by-sa,"(c) KENPEI, some rights reserved (CC BY-SA)",,False
Pedaliaceae,Pedalium Family,Dicots,https://inaturalist-open-data.s3.amazonaws.com/photos/75809/square.jpg,cc-by-nc-sa,"(c) Omkar Gogate, some rights reserved (CC BY-NC-SA)",,False
Penaeaceae,Brickleaf Family,Dicots,https://inaturalist-open-data.s3.amazonaws.com/photos/1641843/square.JPG,cc-by-nc,"(c) Peter Slingsby, some rights reserved (CC BY-NC), uploaded by Peter Slingsby",,False
Pennantiaceae,Pennantia Family,Dicots,https://inaturalist-open-data.s3.amazonaws.com/photos/177735/square.jpg,pd,"Kahuroa, no known copyright restrictions (public domain)",,False
Pentadiplandraceae,Oubli Family,Dicots,https://static.inaturalist.org/photos/52089679/square.jpg,cc-by-nc,"(c) Scamperdale, some rights reserved (CC BY-NC)",,False
Pentaphragmataceae,Pentaphragma Family,Dicots,https://static.inaturalist.org/photos/52068000/square.jpg,cc-by-nc-sa,"(c) Reuben C. J. Lim, some rights reserved (CC BY-NC-SA)",,False
Pentaphylacaceae,,Dicots,https://inaturalist-open-data.s3.amazonaws.com/photos/9636543/square.jpeg,cc-by,"(c) Aaron Liston, some rights reserved (CC BY), uploaded by Aaron Liston",,False
Penthoraceae,Penthorum Family,Dicots,https://inaturalist-open-data.s3.amazonaws.com/photos/447543/square.jpg,cc-by-nc,"(c) Cassi, some rights reserved (CC BY-NC), uploaded by cassi saari",,False
Peraceae,Pera Family,Dicots,https://inaturalist-open-data.s3.amazonaws.com/photos/15128423/square.jpg,cc-by-sa,"(c) Nicola van Berkel, some rights reserved (CC BY-SA), uploaded by Nicola van Berkel",,False
Peridiscaceae,Peridiscus Family,Dicots,https://inaturalist-open-data.s3.amazonaws.com/photos/30926403/square.jpg,cc-by,"(c) Ben P, some rights reserved (CC BY), uploaded by Ben P",,False
Petenaeaceae,Petenaea Family,Dicots,https://inaturalist-open-data.s3.amazonaws.com/photos/2639121/square.jpg,cc-by-nc,"(c) Gerardo A. Salazar, some rights reserved (CC BY-NC), uploaded by Gerardo A. Salazar",,False
Petermanniaceae,,Monocots,https://static.inaturalist.org/photos/55843244/square.jpg,pd,"Internet Archive Book Images, no known copyright restrictions (public domain)",,False
Petiveriaceae,Petiveria Family,Dicots,https://inaturalist-open-data.s3.amazonaws.com/photos/19970994/square.jpeg,cc-by-nc,"(c) Ron Chang (curated by Cat Chang), some rights reserved (CC BY-NC), uploaded by Ron Chang (curated by Cat Chang)",,False
Petrosaviaceae,Petrosavia Family,Monocots,https://static.inaturalist.org/photos/144363328/square.jpeg,,"(c) Satoshi Toyoshima, all rights reserved, uploaded by Satoshi Toyoshima",,False
Phellinaceae,Phelline Family,Dicots,https://inaturalist-open-data.s3.amazonaws.com/photos/177408793/square.jpeg,cc-by-nc,"(c) Pierre-Louis Stenger, some rights reserved (CC BY-NC), uploaded by Pierre-Louis Stenger",,False
Philesiaceae,Chilean Bellflowers,Monocots,https://inaturalist-open-data.s3.amazonaws.com/photos/1539288/square.jpg,cc-by-nc-nd,"(c) Eric Hunt, some rights reserved (CC BY-NC-ND)",,False
Philydraceae,,Monocots,https://inaturalist-open-data.s3.amazonaws.com/photos/1467021/square.jpg,cc-by-nc-nd,"(c) Bill Higham, some rights reserved (CC BY-NC-ND)",,False
Phrymaceae,Lopseed Family,Dicots,https://inaturalist-open-data.s3.amazonaws.com/photos/951/square.jpg,cc-by-nc-sa,"(c) J Brew, some rights reserved (CC BY-NC-SA)",Key Words:  Figwort-like flowers with four stamens.,False
Phyllanthaceae,Leaf-Flower Family,Dicots,https://inaturalist-open-data.s3.amazonaws.com/photos/29280693/square.jpeg,cc-by-nc,,,False
Phyllonomaceae,Phyllonoma Family,Dicots,https://static.inaturalist.org/photos/62133186/square.jpeg,,"(c) Rafael Acuña, all rights reserved, uploaded by Rafael Acuña",,False
Physenaceae,Physena Family,Dicots,https://inaturalist-open-data.s3.amazonaws.com/photos/4056721/square.jpeg,cc-by-nc,"(c) Landy Rita, some rights reserved (CC BY-NC), uploaded by Landy Rita",,False
Phytolaccaceae,Pokeweed Family,Dicots,https://inaturalist-open-data.s3.amazonaws.com/photos/164206478/square.jpeg,cc-by-nc-nd,"(c) Craig K. Hunt, some rights reserved (CC BY-NC-ND), uploaded by Craig K. Hunt",,False
Picramniaceae,Picramnia Family,Dicots,https://inaturalist-open-data.s3.amazonaws.com/photos/29286848/square.jpg,cc-by-nc,"(c) elarboldeloscientificos, some rights reserved (CC BY-NC), uploaded by elarboldeloscientificos",,False
Picrodendraceae,Picrodendron Family,Dicots,https://inaturalist-open-data.s3.amazonaws.com/photos/1289826/square.JPG,cc-by,"(c) Francisco Farriols Sarabia, some rights reserved (CC BY), uploaded by Francisco Farriols Sarabia",,False
Piperaceae,Pepper Plant Family,Dicots,https://inaturalist-open-data.s3.amazonaws.com/photos/63234380/square.jpg,cc-by-nc,"(c) David Monroy R, some rights reserved (CC BY-NC), uploaded by David Monroy R",,False
Pittosporaceae,Cheesewood Family,Dicots,https://inaturalist-open-data.s3.amazonaws.com/photos/6251/square.jpg,cc-by-nc-nd,"(c) Kate's Photo Diary, some rights reserved (CC BY-NC-ND)",,False
Plantaginaceae,Plantain Family,Dicots,https://inaturalist-open-data.s3.amazonaws.com/photos/11147978/square.jpg,cc-by-nc,"(c) Kostas Zontanos, some rights reserved (CC BY-NC), uploaded by Kostas Zontanos",,False
Platanaceae,Plane Family,Dicots,https://inaturalist-open-data.s3.amazonaws.com/photos/22000/square.jpg,cc-by-nc,"(c) Maggie, some rights reserved (CC BY-NC)",,False
Plocospermataceae,Plocosperma Family,Dicots,https://inaturalist-open-data.s3.amazonaws.com/photos/9620161/square.jpeg,cc-by-nc,"(c) Ciro Rodriguez Perez, some rights reserved (CC BY-NC), uploaded by Ciro Rodriguez Perez",,False
Plumbaginaceae,Plumbago Family,Dicots,https://static.inaturalist.org/photos/3926141/square.jpg,,"(c) Valter Jacinto, all rights reserved",,False
Poaceae,Grasses,Monocots,https://inaturalist-open-data.s3.amazonaws.com/photos/76692662/square.jpg,cc-by-nc,"(c) Konstantin Romanov, some rights reserved (CC BY-NC), uploaded by Konstantin Romanov",Key Words:  Grassy plants with knee-like nodes on the flower stems.,True
Podostemaceae,Riverweed Family,Dicots,https://inaturalist-open-data.s3.amazonaws.com/photos/6088152/square.jpg,cc-by-nc,"(c) meshachpierre, some rights reserved (CC BY-NC), uploaded by meshachpierre",,False
Polemoniaceae,Phlox Family,Dicots,https://inaturalist-open-data.s3.amazonaws.com/photos/13512079/square.jpg,cc-by,"(c) Jim Morefield, some rights reserved (CC BY)",Key Words:  Five united petals forming tubular flowers with a flat face.  Usually narrow leaves.,True
Polygalaceae,Milkworts,Dicots,https://inaturalist-open-data.s3.amazonaws.com/photos/379546/square.jpg,cc-by,"(c) Ken-ichi Ueda, some rights reserved (CC BY), uploaded by Ken-ichi Ueda",Key Words: Irregular flowers with milky stems.,True
Polygonaceae,Knotweed Family,Dicots,https://inaturalist-open-data.s3.amazonaws.com/photos/6818849/square.jpg,cc-by-nc,"(c) Christian Schwarz, some rights reserved (CC BY-NC), uploaded by Christian Schwarz","Key Words:  Small flowers with colored sepals, no petals and often triangular seeds.",True
Pontederiaceae,,Monocots,https://static.inaturalist.org/photos/57305074/square.jpg,,"(c) Karen Cristina Vázquez Virgen, all rights reserved, uploaded by Karen Cristina Vázquez Virgen",,False
Portulacaceae,Purslane Family,Dicots,https://inaturalist-open-data.s3.amazonaws.com/photos/68142546/square.jpeg,cc-by-nc-sa,"(c) Alejandro Mora, some rights reserved (CC BY-NC-SA), uploaded by Alejandro Mora",Key Words:  Succulent plants often growing in intense sunlight.  Two sepals.,True
Posidoniaceae,Posidonia Family,Monocots,https://inaturalist-open-data.s3.amazonaws.com/photos/918746/square.jpg,cc-by-nc-sa,"(c) alessiodl, some rights reserved (CC BY-NC-SA)",,False
Potamogetonaceae,Pondweed Family,Monocots,https://inaturalist-open-data.s3.amazonaws.com/photos/102629371/square.jpg,cc-by-nc,"(c) Pyak Andrei, some rights reserved (CC BY-NC), uploaded by Pyak Andrei",Key Words: Monocots with submerged and floating leaves and flower parts in 4s.,True
Primulaceae,Primroses,Dicots,https://static.inaturalist.org/photos/15229725/square.jpeg,cc-by-nc,"(c) SHYAM PHARTYAL, some rights reserved (CC BY-NC), uploaded by SHYAM PHARTYAL",Key Words:  Plants in moist soil with parts in fives and stamens aligned opposite the petals.,True
Proteaceae,Protea Family,Dicots,https://inaturalist-open-data.s3.amazonaws.com/photos/28788037/square.jpg,cc-by-nc,"(c) Felix Riegel, some rights reserved (CC BY-NC), uploaded by Felix Riegel",,False
Putranjivaceae,Ironplum Family,Dicots,https://inaturalist-open-data.s3.amazonaws.com/photos/107692/square.jpg,cc0,no rights reserved,,False
Quillajaceae,Soapbark Family,Dicots,https://inaturalist-open-data.s3.amazonaws.com/photos/1539511/square.jpg,cc-by,"(c) Guayubira, some rights reserved (CC BY)",,False
Rafflesiaceae,Rafflesia Family,Dicots,https://static.inaturalist.org/photos/6832759/square.jpg,,"(c) Dave Armitage, all rights reserved, uploaded by Dave Armitage",,False
Ranunculaceae,Buttercup Family,Dicots,https://inaturalist-open-data.s3.amazonaws.com/photos/3063606/square.jpg,cc-by-nc,"(c) Colin Ogle, some rights reserved (CC BY-NC), uploaded by Colin Ogle","Key Words:Dicot flowers with three or more simple pistils, often with hooked tips.",True
Rapateaceae,,Monocots,https://inaturalist-open-data.s3.amazonaws.com/photos/11972664/square.jpeg,cc-by-nc-nd,"(c) Imerú Alfonzo-Hernandez, some rights reserved (CC BY-NC-ND), uploaded by Imerú Alfonzo-Hernandez",,False
Resedaceae,Mignonette Family,Dicots,https://inaturalist-open-data.s3.amazonaws.com/photos/180588/square.jpg,cc-by-nc,"(c) HermannFalkner/sokol, some rights reserved (CC BY-NC)",,False
Restionaceae,Restiads,Monocots,https://inaturalist-open-data.s3.amazonaws.com/photos/7475/square.jpg,cc-by-nc-sa,"(c) psilotum Lin, some rights reserved (CC BY-NC-SA)",,False
Rhabdodendraceae,Rhabdodendron Family,Dicots,https://inaturalist-open-data.s3.amazonaws.com/photos/2495297/square.jpg,cc-by-nc,"(c) William Milliken, some rights reserved (CC BY-NC), uploaded by William Milliken",,False
Rhamnaceae,Buckthorn Family,Dicots,https://inaturalist-open-data.s3.amazonaws.com/photos/11015/square.jpg,cc-by-nc-sa,"(c) randomtruth, some rights reserved (CC BY-NC-SA)",Key Words:  Shrubs or small trees with visibly three-parted capsules or berries.,True
Rhizophoraceae,Mangroves,Dicots,https://static.inaturalist.org/photos/19295535/square.jpg,,"(c) Beth, all rights reserved, uploaded by Beth",,False
Ripogonaceae,Supplejacks,Monocots,https://inaturalist-open-data.s3.amazonaws.com/photos/1182438/square.jpg,cc-by,"(c) Jon Sullivan, some rights reserved (CC BY)",,False
Roridulaceae,Dewstick Family,Dicots,https://inaturalist-open-data.s3.amazonaws.com/photos/54648417/square.jpeg,cc-by-sa,"(c) Brian du Preez, some rights reserved (CC BY-SA), uploaded by Brian du Preez",,False
Rosaceae,Rose Family,Dicots,https://inaturalist-open-data.s3.amazonaws.com/photos/2066379/square.JPG,cc-by-nc,"(c) Beate &amp; Heinz Beyerlein, some rights reserved (CC BY-NC), uploaded by Beate &amp; Heinz Beyerlein","Key Words:  5 sepals and 5 petals with usually numerous stamens. Oval, serrated leaves.",True
Rousseaceae,Roussea Family,Dicots,https://inaturalist-open-data.s3.amazonaws.com/photos/5377998/square.jpg,cc-by-nc-nd,"(c) James Gaither, some rights reserved (CC BY-NC-ND)",,False
Rubiaceae,Madder Family,Dicots,https://static.inaturalist.org/photos/40531232/square.jpeg,,"(c) Ellie Garvie, all rights reserved, uploaded by Ellie Garvie","Key Words:  Opposite or whorled leaves, 4 or 5 united petals, and a two-chambered ovary.",True
Ruppiaceae,Widgeonweed Family,Monocots,https://inaturalist-open-data.s3.amazonaws.com/photos/219507/square.jpg,cc-by-nc-sa,"(c) Bas Kers, some rights reserved (CC BY-NC-SA)",,False
Rutaceae,Citrus Family,Dicots,https://static.inaturalist.org/photos/68276241/square.jpg,,"(c) Andres Hernandez, all rights reserved, uploaded by Andres Hernandez",,False
Sabiaceae,Sabia Family,Dicots,https://inaturalist-open-data.s3.amazonaws.com/photos/1009018/square.jpg,cc-by-nc-sa,"(c) Johannes Lundberg, some rights reserved (CC BY-NC-SA)",,False
Salicaceae,Willow Family,Dicots,https://inaturalist-open-data.s3.amazonaws.com/photos/79452056/square.jpeg,cc-by-nc,,Key Words: Trees/bushes with alternate leaves in moist soil.  Catkins form many small capsules.,True
Salvadoraceae,Toothbrush Tree Family,Dicots,https://inaturalist-open-data.s3.amazonaws.com/photos/2297082/square.jpg,cc-by-nc-sa,"(c) Cédric de Foucault, some rights reserved (CC BY-NC-SA), uploaded by Cédric de Foucault",,False
Santalaceae,Sandalwood Family,Dicots,https://static.inaturalist.org/photos/1255447/square.,,"(c) chrismorse, all rights reserved",Key Words: Grayish plants with greenish or pink flowers.  No  petals.,True
Sapindaceae,Soapberry Family,Dicots,https://inaturalist-open-data.s3.amazonaws.com/photos/27342760/square.jpeg,cc-by-sa,"(c) Ong Jyh Seng, some rights reserved (CC BY-SA), uploaded by Ong Jyh Seng",,False
Sapotaceae,Sapodilla Family,Dicots,https://static.inaturalist.org/photos/113201119/square.jpeg,,"(c) Thiago, all rights reserved, uploaded by Thiago",,False
Sarcobataceae,Greasewood Family,Dicots,https://inaturalist-open-data.s3.amazonaws.com/photos/23323/square.jpg,cc-by-sa,"(c) Matt Lavin, some rights reserved (CC BY-SA)",,False
Sarcolaenaceae,Sarcolaena Family,Dicots,https://static.inaturalist.org/photos/4555098/square.jpeg,,"(c) James Ojascastro, all rights reserved, uploaded by James Ojascastro",,False
Sarraceniaceae,New World Pitcher Plants,Dicots,https://static.inaturalist.org/photos/68931084/square.jpg,cc-by-nc,"(c) Scott Zona, some rights reserved (CC BY-NC)",Key Words:  Plants with tubular leaves to trap insects.,True
Saururaceae,Lizard's Tail Family,Dicots,https://inaturalist-open-data.s3.amazonaws.com/photos/79739403/square.jpg,cc-by-nc,"(c) mrsv1980, some rights reserved (CC BY-NC)",,False
Saxifragaceae,Saxifrage Family,Dicots,https://inaturalist-open-data.s3.amazonaws.com/photos/32017311/square.jpeg,cc-by-nc,"(c) Anthony B. Zerafa, some rights reserved (CC BY-NC), uploaded by Anthony B. Zerafa","Key Words:   Small plants with small flowers, parts in fives, plus an oblong pistil with 2 styles.",True
Scheuchzeriaceae,Pod-Grass Family,Monocots,https://inaturalist-open-data.s3.amazonaws.com/photos/553133/square.jpg,cc-by-nc,"(c) Kari Pihlaviita, some rights reserved (CC BY-NC)",,False
Schisandraceae,Anise Family,Dicots,https://inaturalist-open-data.s3.amazonaws.com/photos/129949/square.jpg,cc-by-nc-sa,,,False
Schlegeliaceae,Schlegelia Family,Dicots,https://static.inaturalist.org/photos/30083548/square.jpg,cc-by-nc-sa,"(c) Andreas Kay, some rights reserved (CC BY-NC-SA)",,False
Schoepfiaceae,Schoepfia Family,Dicots,https://inaturalist-open-data.s3.amazonaws.com/photos/3331927/square.JPG,cc-by,"(c) Guillermo Debandi, some rights reserved (CC BY), uploaded by Guillermo Debandi",,False
Scrophulariaceae,Figwort Family,Dicots,https://static.inaturalist.org/photos/55578/square.jpg,,"(c) Tig, all rights reserved",Key Words: Irregular flowers with 2 petal lobes up and 3 down. Capsules with numerous seeds. ,True
Setchellanthaceae,Setchellanthus Family,Dicots,https://static.inaturalist.org/photos/10968631/square.jpeg,,"(c) manuel_rdz, all rights reserved, uploaded by manuel_rdz",,False
Simaroubaceae,Quassia Family,Dicots,https://inaturalist-open-data.s3.amazonaws.com/photos/11856/square.jpg,cc-by-nc,"(c) Martin LaBar, some rights reserved (CC BY-NC)",,False
Simmondsiaceae,Jojoba Family,Dicots,https://inaturalist-open-data.s3.amazonaws.com/photos/2975771/square.jpg,cc-by,"(c) Katja Schulz, some rights reserved (CC BY)",,False
Siparunaceae,Siparuna Family,Dicots,https://static.inaturalist.org/photos/12755261/square.jpeg,cc-by-nd,"(c) Kimberlie Sasan, some rights reserved (CC BY-ND), uploaded by Kimberlie Sasan",,False
Sladeniaceae,Sladenia Family,Dicots,https://static.inaturalist.org/photos/111600851/square.jpeg,,"(c) Warren McCleland, all rights reserved, uploaded by Warren McCleland",,False
Smilacaceae,Greenbrier Family,Monocots,https://inaturalist-open-data.s3.amazonaws.com/photos/99417715/square.jpeg,cc-by-nc,"(c) Tom Norton, some rights reserved (CC BY-NC), uploaded by Tom Norton",,False
Solanaceae,Nightshade Family,Dicots,https://static.inaturalist.org/photos/4608305/square.jpeg,,"(c) John Cramer III, all rights reserved, uploaded by John Cramer III",Key Words:  Alternate leaves.  Flower parts in fives with united petals and a two-celled ovary. ,True
Sphaerosepalaceae,Rhopalocarpus Family,Dicots,https://inaturalist-open-data.s3.amazonaws.com/photos/11389163/square.jpeg,cc-by-nc,"(c) mamy_andriamahay, some rights reserved (CC BY-NC), uploaded by mamy_andriamahay",,False
Sphenocleaceae,Gooseweeds,Dicots,https://inaturalist-open-data.s3.amazonaws.com/photos/1127614/square.jpg,cc-by-nc-sa,"(c) IRRI Photos, some rights reserved (CC BY-NC-SA)",,False
Stachyuraceae,Stachyurus Family,Dicots,https://inaturalist-open-data.s3.amazonaws.com/photos/43885924/square.jpeg,cc-by-nc,"(c) Kuan-Chieh (Chuck) Hung, some rights reserved (CC BY-NC), uploaded by Kuan-Chieh (Chuck) Hung",,False
Staphyleaceae,Bladdernut Family,Dicots,https://static.inaturalist.org/photos/357029/square.jpg,,"(c) Layla, all rights reserved, uploaded by Layla Dishman",,False
Stegnospermataceae,Stegnosperma Family,Dicots,https://static.inaturalist.org/photos/6289959/square.jpg,,"(c) Rich Hoyer, all rights reserved",,False
Stemonaceae,Stemona Family,Monocots,https://inaturalist-open-data.s3.amazonaws.com/photos/1455764/square.jpg,cc-by-nc-sa,"(c) Tony Rodd, some rights reserved (CC BY-NC-SA)",,False
Stemonuraceae,Stemonurus Family,Dicots,https://inaturalist-open-data.s3.amazonaws.com/photos/49589231/square.jpeg,cc-by-nc,,,False
Stilbaceae,Stilbe Family,Dicots,https://inaturalist-open-data.s3.amazonaws.com/photos/15378809/square.jpg,cc-by-nc,"(c) Carina Lochner, some rights reserved (CC BY-NC), uploaded by Carina Lochner",,False
Strasburgeriaceae,Strasburgeria Family,Dicots,https://static.inaturalist.org/photos/3677211/square.JPG,cc-by,"(c) Jacqui Geux, some rights reserved (CC BY), uploaded by Jacqui Geux",,False
Strelitziaceae,Bird-Of-Paradise Plants,Monocots,https://inaturalist-open-data.s3.amazonaws.com/photos/68854896/square.jpeg,cc-by-nc,"(c) Anno Torr, some rights reserved (CC BY-NC), uploaded by Anno Torr",,False
Stylidiaceae,Triggerplant Family,Dicots,https://inaturalist-open-data.s3.amazonaws.com/photos/78019/square.jpg,cc-by-nc-nd,"(c) Kate's Photo Diary, some rights reserved (CC BY-NC-ND)",,False
Styracaceae,Snowbell Family,Dicots,https://inaturalist-open-data.s3.amazonaws.com/photos/3801856/square.jpg,cc-by-nc,"(c) sunnyshades13, some rights reserved (CC BY-NC)",,False
Surianaceae,Baycedar Family,Dicots,https://inaturalist-open-data.s3.amazonaws.com/photos/107155553/square.jpg,cc-by-nc,"(c) David Russell, some rights reserved (CC BY-NC), uploaded by David Russell",,False
Symplocaceae,Symplocos Family,Dicots,https://static.inaturalist.org/photos/58577286/square.jpg,cc-by-sa,,,False
Talinaceae,Fameflower Family,Dicots,https://inaturalist-open-data.s3.amazonaws.com/photos/1330639/square.jpg,cc-by-nc-sa,,,False
Tamaricaceae,Tamarisk Family,Dicots,https://inaturalist-open-data.s3.amazonaws.com/photos/31521/square.jpg,cc-by,"(c) Olivier, some rights reserved (CC BY)",,False
Tapisciaceae,Tapiscia Family,Dicots,,,,,False
Tecophilaeaceae,Cyanella Family,Monocots,https://static.inaturalist.org/photos/59761/square.jpg,,"(c) Tig, all rights reserved",,False
Tetracarpaeaceae,Tetracarpaea Family,Dicots,https://inaturalist-open-data.s3.amazonaws.com/photos/61124504/square.jpeg,cc-by-nc,"(c) Ray Turnbull, some rights reserved (CC BY-NC), uploaded by Ray Turnbull",,False
Tetrachondraceae,Tetrachondra Family,Dicots,https://inaturalist-open-data.s3.amazonaws.com/photos/1884929/square.jpg,cc-by-nc,"(c) Hugh Daniel Wilson, some rights reserved (CC BY-NC), uploaded by Hugh Daniel Wilson",,False
Tetramelaceae,,Dicots,https://inaturalist-open-data.s3.amazonaws.com/photos/4808254/square.jpg,cc-by-nc,"(c) ShainaDeCiryan.com, some rights reserved (CC BY-NC), uploaded by ShainaDeCiryan.com",,False
Tetrameristaceae,Tetramerista Family,Dicots,https://inaturalist-open-data.s3.amazonaws.com/photos/5933108/square.jpg,cc-by-nc,"(c) Rosabel Miro, some rights reserved (CC BY-NC), uploaded by Rosabel Miro",,False
Theaceae,Camellia Family,Dicots,https://static.inaturalist.org/photos/1264717/square.,,"(c) Phil Bendle, all rights reserved, uploaded by Phil Bendle",,False
Thomandersiaceae,Thomandersia Family,Dicots,https://inaturalist-open-data.s3.amazonaws.com/photos/2661840/square.jpg,cc-by-nc,"(c) congonaturalist, some rights reserved (CC BY-NC), uploaded by congonaturalist",,False
Thurniaceae,,Monocots,https://inaturalist-open-data.s3.amazonaws.com/photos/16063818/square.jpg,cc-by-sa,"(c) Nicola van Berkel, some rights reserved (CC BY-SA), uploaded by Nicola van Berkel",,False
Thymelaeaceae,Stringbarks,Dicots,https://inaturalist-open-data.s3.amazonaws.com/photos/11609675/square.jpg,cc-by-sa,"(c) portioid, some rights reserved (CC BY-SA), uploaded by portioid",,False
Ticodendraceae,Ticodendron Family,Dicots,https://inaturalist-open-data.s3.amazonaws.com/photos/2764175/square.jpg,cc-by-nc,"(c) Paola Carrera, some rights reserved (CC BY-NC), uploaded by Paola Carrera",,False
Tiganophytaceae,Frying Pan Plant Family,Dicots,https://inaturalist-open-data.s3.amazonaws.com/photos/197428693/square.jpeg,cc-by-nc,"(c) Joey Santore, some rights reserved (CC BY-NC), uploaded by Joey Santore",,False
Tofieldiaceae,Tofieldia Family,Monocots,https://inaturalist-open-data.s3.amazonaws.com/photos/149749841/square.jpg,cc-by-nc,"(c) Charlie Russell, some rights reserved (CC BY-NC), uploaded by Charlie Russell",,False
Torricelliaceae,Toricellia Family,Dicots,https://inaturalist-open-data.s3.amazonaws.com/photos/2857633/square.JPG,cc-by-nc,"(c) Romer Rabarijaona, some rights reserved (CC BY-NC), uploaded by Romer Rabarijaona",,False
Tovariaceae,Tovaria Family,Dicots,https://inaturalist-open-data.s3.amazonaws.com/photos/5147884/square.jpg,cc-by-sa,"(c) Michael Wolf, some rights reserved (CC BY-SA)",,False
Trigoniaceae,,Dicots,https://inaturalist-open-data.s3.amazonaws.com/photos/80879897/square.jpeg,cc-by-nc,"(c) Sébastien SANT, some rights reserved (CC BY-NC), uploaded by Sébastien SANT",,False
Trimeniaceae,Trimenia Family,Dicots,https://inaturalist-open-data.s3.amazonaws.com/photos/129950/square.jpg,pd,"Fitch, del. et lith., no known copyright restrictions (public domain)",,False
Triuridaceae,Triuris Family,Monocots,https://inaturalist-open-data.s3.amazonaws.com/photos/2453263/square.JPG,cc-by-nc,"(c) Rafael Paredes Montesinos, some rights reserved (CC BY-NC), uploaded by Rafael Paredes Montesinos",,False
Trochodendraceae,Cartwheel Tree and Tetracentron Family,Dicots,https://inaturalist-open-data.s3.amazonaws.com/photos/1432055/square.JPG,cc-by-nc,"(c) Phil Bendle, some rights reserved (CC BY-NC), uploaded by Phil Bendle",,False
Tropaeolaceae,Nasturtium Family,Dicots,https://inaturalist-open-data.s3.amazonaws.com/photos/22327/square.jpg,cc-by-nc-nd,"(c) Tim Waters, some rights reserved (CC BY-NC-ND)",,False
Typhaceae,"Bulrushes, Cattails, and Allies",Monocots,https://inaturalist-open-data.s3.amazonaws.com/photos/33177903/square.jpeg,cc-by-nc,"(c) Serge M. Appolonov, some rights reserved (CC BY-NC), uploaded by Serge M. Appolonov",,False
Ulmaceae,Elm Family,Dicots,https://inaturalist-open-data.s3.amazonaws.com/photos/14642890/square.jpg,cc-by-nc,"(c) Laurie Sheppard, some rights reserved (CC BY-NC), uploaded by Laurie Sheppard",Key Words:  Trees and shrubs with simple leaves asymmetrical at the base. ,True
Urticaceae,Nettle Family,Dicots,https://inaturalist-open-data.s3.amazonaws.com/photos/60191852/square.jpeg,cc-by-nc,"(c) Rob Westerduijn, some rights reserved (CC BY-NC), uploaded by Rob Westerduijn",Key Words:  Usually hairy plants with petalless flowers in string-like clusters from the leaf axils.,True
Vahliaceae,Vahlia Family,Dicots,https://inaturalist-open-data.s3.amazonaws.com/photos/15188945/square.jpg,cc-by-sa,"(c) Nicola van Berkel, some rights reserved (CC BY-SA), uploaded by Nicola van Berkel",,False
Velloziaceae,Vellozia Family,Monocots,https://inaturalist-open-data.s3.amazonaws.com/photos/1415610/square.JPG,cc-by-nc,"(c) Romer Rabarijaona, some rights reserved (CC BY-NC), uploaded by Romer Rabarijaona",,False
Verbenaceae,Verbena Family,Dicots,https://inaturalist-open-data.s3.amazonaws.com/photos/20278651/square.jpg,cc-by-nc-sa,"(c) thesnaguy, some rights reserved (CC BY-NC-SA), uploaded by thesnaguy","Key Words:  Opposite or whorled leaves.   Flower parts in fives, united.  Slightly irregular.",True
Viburnaceae,Elder Family,Dicots,https://static.inaturalist.org/photos/2419980/square.jpg,,"(c) Jay Keller, all rights reserved, uploaded by Jay L. Keller",,False
Violaceae,Violet Family,Dicots,https://inaturalist-open-data.s3.amazonaws.com/photos/19508334/square.jpeg,cc-by-nc,"(c) Erika Betts, some rights reserved (CC BY-NC), uploaded by Erika Betts",Key Words:  Slightly irregular pansy-like flowers.,True
Vitaceae,Grape Family,Dicots,https://inaturalist-open-data.s3.amazonaws.com/photos/13790902/square.jpg,cc-by,"(c) Katja Schulz, some rights reserved (CC BY), uploaded by Katja Schulz",Key Words:  Vining plants with tendrils and berries.,True
Vochysiaceae,Vochysia Family,Dicots,https://static.inaturalist.org/photos/28503226/square.jpeg,,"(c) Laurent Quéno, all rights reserved, uploaded by Laurent Quéno",,False
Winteraceae,Winter's-Bark Family,Dicots,https://inaturalist-open-data.s3.amazonaws.com/photos/31179/square.jpg,cc-by-sa,"(c) Steve Law, some rights reserved (CC BY-SA)",,False
Xeronemataceae,Bottlebrush Lily Family,Monocots,https://inaturalist-open-data.s3.amazonaws.com/photos/2670501/square.jpg,cc0,"no rights reserved, uploaded by Peter de Lange",,False
Xyridaceae,Yellow-Eyed Grasses,Monocots,https://static.inaturalist.org/photos/80899099/square.jpg,cc-by-nc-sa,"(c) Mary Keim, some rights reserved (CC BY-NC-SA)",,False
Zingiberaceae,Gingers,Monocots,https://inaturalist-open-data.s3.amazonaws.com/photos/8626047/square.jpg,cc-by-nc-sa,"(c) Reinaldo Aguilar, some rights reserved (CC BY-NC-SA)",,False
Zosteraceae,Seagrasses,Monocots,https://inaturalist-open-data.s3.amazonaws.com/photos/4769/square.jpg,cc-by-nc-sa,"(c) Kristian Peters, some rights reserved (CC BY-NC-SA)",,False
Zygophyllaceae,Calthrops,Dicots,https://static.inaturalist.org/photos/2477646/square.JPG,,"(c) Anthony Knight, all rights reserved, uploaded by Anthony Knight","Key Words:  Desert plants with parts in fives, and opposite, usually pinnately divided leaves.",True
